key;name;kreis_type;year;crime;crime_noasyl;total_solved;noasyl_solved;hom;arson
DG;Deutschland;.;2016;.;.;.;.;.;.
01001;Flensburg;KfS;2016;9993;9502;56,4;54,2;6;33
01002;Kiel;KfS;2016;25908;24582;50;47,3;9;83
01003;Lübeck;KfS;2016;25647;24493;56,2;54,2;4;92
01004;Neumünster;KfS;2016;14524;9169;73,8;58,6;2;34
01051;Dithmarschen;K;2016;7661;7645;55,3;55,2;0;48
01053;Herzogtum Lauenburg;K;2016;10273;10237;50,9;50,7;4;54
01054;Nordfriesland;K;2016;10547;9585;54,8;50,3;3;41
01055;Ostholstein;K;2016;13910;12611;52,7;47,9;5;60
01056;Pinneberg;K;2016;18956;18848;48;47,8;4;71
01057;Plön;K;2016;5671;5627;49;48,6;2;25
01058;Rendsburg-Eckernförde;K;2016;13705;13467;52,6;51,7;6;59
01059;Schleswig-Flensburg;K;2016;10439;8213;62,8;52,8;1;28
01060;Segeberg;K;2016;17890;15357;56,1;48,9;6;47
01061;Steinburg;K;2016;8433;7743;58;54,3;3;30
01062;Stormarn;K;2016;12984;12925;43,6;43,3;3;55
02;Hamburg;KfS;2016;238464;231214;44,8;43,1;68;427
03101;Braunschweig;KfS;2016;23902;23388;59,3;58,4;5;34
03102;Salzgitter;KfS;2016;6563;6547;60,5;60,4;11;29
03103;Wolfsburg;KfS;2016;8988;8956;55,3;55,1;8;28
03151;Gifhorn;LK;2016;7464;7434;62,9;62,7;6;36
03152;Göttingen;LK;2016;20147;18319;59,7;55,7;8;85
03153;Goslar;LK;2016;9186;9173;62,1;62,1;5;42
03154;Helmstedt;LK;2016;5733;5703;61,7;61,5;3;37
03155;Northeim;LK;2016;7791;7736;65,1;64,8;2;26
03156;Osterode am Harz;LK;2016;4174;4167;69,7;69,7;4;30
03157;Peine;LK;2016;7056;7001;57,7;57,4;7;32
03158;Wolfenbüttel;LK;2016;4693;4682;57,6;57,5;6;19
03159;Göttingen, Landkreis;LK;2016;24321;22486;61,4;58,3;12;115
03241;Region Hannover;LK;2016;121698;117881;62,1;60,9;58;193
03251;Diepholz;LK;2016;11942;11924;60,6;60,5;7;61
03252;Hameln-Pyrmont;LK;2016;9215;9173;68,5;68,4;5;20
03254;Hildesheim;LK;2016;18199;18104;59,9;59,7;17;75
03255;Holzminden;LK;2016;3488;3458;69,8;69,6;2;17
03256;Nienburg (Weser);LK;2016;6856;6837;59,5;59,4;6;32
03257;Schaumburg;LK;2016;9222;9210;62,9;62,9;4;42
03351;Celle;LK;2016;11581;11551;62,1;62;10;82
03352;Cuxhaven;LK;2016;9773;9712;59,3;59;0;65
03353;Harburg;LK;2016;17732;17632;65,4;65,2;19;62
03354;Lüchow-Dannenberg;LK;2016;2454;2444;70,9;70,8;3;23
03355;Lüneburg;LK;2016;12593;12461;56;55,5;7;41
03356;Osterholz;LK;2016;6018;6003;58,8;58,7;0;22
03357;Rotenburg (Wümme);LK;2016;10189;10073;63,4;63;8;49
03358;Landkreis Heidekreis;LK;2016;11233;11163;63;62,7;6;85
03359;Stade;LK;2016;10941;10887;60,4;60,2;7;39
03360;Uelzen;LK;2016;5721;5677;65,4;65,2;0;40
03361;Verden;LK;2016;8550;8523;63;62,9;11;34
03401;Delmenhorst;KfS;2016;6641;6634;62;62;70;10
03402;Emden;KfS;2016;4540;4524;58;57,8;1;11
03403;Oldenburg (Oldenburg);KfS;2016;14816;14687;55,1;54,7;14;36
03404;Osnabrück;KfS;2016;17527;17320;59,2;58,7;11;46
03405;Wilhelmshaven;KfS;2016;10073;10057;65,9;65,9;6;16
03451;Ammerland;LK;2016;5113;5106;60,3;60,3;3;31
03452;Aurich;LK;2016;11452;11425;64,1;64;2;93
03453;Cloppenburg;LK;2016;7704;7681;60,6;60,5;4;27
03454;Emsland;LK;2016;19083;18934;60,3;60;11;73
03455;Friesland;LK;2016;5586;5582;65,1;65,1;2;18
03456;Grafschaft Bentheim;LK;2016;8738;8060;65;62,1;5;31
03457;Leer;LK;2016;9567;9336;65,3;64,5;0;31
03458;Oldenburg;LK;2016;6420;6397;56,6;56,5;8;24
03459;Osnabrück;LK;2016;17555;16341;61,4;58,6;8;65
03460;Vechta;LK;2016;6856;6840;57,3;57,2;6;27
03461;Wesermarsch;LK;2016;7725;7713;78,2;78,2;3;16
03462;Wittmund;LK;2016;3453;3441;70,2;70,1;1;9
04011;Bremen;KfS;2016;78465;75701;47,8;46;31;147
04012;Bremerhaven;KfS;2016;13259;13219;51,6;51,5;8;50
05111;Düsseldorf;KfS;2016;77929;71539;46;41,2;13;87
05112;Duisburg;KfS;2016;54023;53812;55,1;54,9;7;81
05113;Essen;KfS;2016;61450;61046;53,5;53,2;20;237
05114;Krefeld;KfS;2016;22621;22571;54,1;54;6;73
05116;Mönchengladbach;KfS;2016;22182;22083;51,9;51,7;5;71
05117;Mülheim an der Ruhr;KfS;2016;14037;13989;52,2;52;3;49
05119;Oberhausen;KfS;2016;17419;17305;53,2;52,8;7;32
05120;Remscheid;KfS;2016;7485;7462;57,4;57,3;3;9
05122;Solingen;KfS;2016;11144;11117;50,4;50,3;2;16
05124;Wuppertal;KfS;2016;37021;36852;51,5;51,2;10;65
05154;Kleve;K;2016;22202;21595;55,6;54,4;10;39
05158;Mettmann;K;2016;31005;30902;51,7;51,5;5;90
05162;Rhein-Kreis Neuss;K;2016;30860;30763;49,3;49,1;4;55
05166;Viersen;K;2016;18936;18687;51,5;50,8;5;51
05170;Wesel;K;2016;32029;31821;50,2;49,9;5;93
05314;Bonn;KfS;2016;35067;34735;49;48,5;15;42
05315;Köln;KfS;2016;145821;139185;47,4;44,9;32;207
05316;Leverkusen;KfS;2016;13218;13134;46,2;45,8;4;23
05334;Aachen;K;2016;53606;51775;49;47,1;23;154
05358;Düren;K;2016;17739;17671;51,3;51,1;6;61
05362;Rhein-Erft-Kreis;K;2016;35084;34950;48,8;48,6;7;93
05366;Euskirchen;K;2016;11552;11520;53,6;53,5;2;58
05370;Heinsberg;K;2016;17451;17422;51,5;51,4;8;58
05374;Oberbergischer Kreis;K;2016;12995;12960;60;59,9;3;71
05378;Rheinisch-Bergischer Kreis;K;2016;13989;13948;48,9;48,8;3;63
05382;Rhein-Sieg-Kreis;K;2016;32844;32723;48,9;48,7;9;89
05512;Bottrop;KfS;2016;8290;8282;48,8;48,8;4;26
05513;Gelsenkirchen;KfS;2016;24434;24369;51,1;50,9;12;56
05515;Münster;KfS;2016;29738;29481;43,7;43,2;3;35
05554;Borken;K;2016;23641;23584;49,9;49,7;5;89
05558;Coesfeld;K;2016;13104;13061;52,1;51,9;6;47
05562;Recklinghausen;K;2016;45866;45795;51,9;51,8;10;121
05566;Steinfurt;K;2016;26010;25924;51,2;51,1;1;74
05570;Warendorf;K;2016;14966;14875;53,3;53;1;24
05711;Bielefeld;KfS;2016;28494;28026;58,1;57,4;12;73
05754;Gütersloh;K;2016;18480;18419;53,3;53,1;4;38
05758;Herford;K;2016;12770;12741;52,9;52,8;2;39
05762;Höxter;K;2016;7040;7017;57,3;57,1;4;44
05766;Lippe;K;2016;14344;14281;55,2;55;11;83
05770;Minden-Lübbecke;K;2016;16049;15825;52,2;51,6;3;23
05774;Paderborn;K;2016;20502;20111;55,5;54,7;5;65
05911;Bochum;KfS;2016;35357;35250;53,4;53,3;5;53
05913;Dortmund;KfS;2016;76259;74774;53;52;22;130
05914;Hagen;KfS;2016;16427;16257;57,3;56,8;3;28
05915;Hamm;KfS;2016;15441;15250;53,1;52,5;5;45
05916;Herne;KfS;2016;14238;14216;51,3;51,2;7;33
05954;Ennepe-Ruhr-Kreis;K;2016;20676;20617;56,6;56,5;3;74
05958;Hochsauerlandkreis;K;2016;12301;12218;54,7;54,4;10;77
05962;Märkischer Kreis;K;2016;25338;25294;54,4;54,3;5;111
05966;Olpe;K;2016;6646;6605;60,8;60,6;0;33
05970;Siegen-Wittgenstein;K;2016;16928;16799;60,5;60,2;4;49
05974;Soest;K;2016;17950;17883;55,5;55,4;2;94
05978;Unna;K;2016;28495;28382;47,9;47,7;5;132
06411;Darmstadt;KfS;2016;11681;11327;60,8;59,5;6;26
06412;Frankfurt am Main;KfS;2016;114819;96964;61;53,8;40;206
06413;Offenbach am Main;KfS;2016;11607;11248;65,4;64,3;5;40
06414;Wiesbaden;KfS;2016;23276;23017;61,4;60,9;12;29
06431;Bergstraße;LK;2016;10456;10356;60;59,6;8;48
06432;Darmstadt-Dieburg;LK;2016;9954;9766;56,5;55,7;4;50
06433;Groß-Gerau;LK;2016;11648;11477;61;60,4;9;52
06434;Hochtaunuskreis;LK;2016;10834;10775;58,8;58,6;8;40
06435;Main-Kinzig-Kreis;LK;2016;18951;18298;62,7;61,4;19;93
06436;Main-Taunus-Kreis;LK;2016;11398;11234;58,2;57,6;4;22
06437;Odenwaldkreis;LK;2016;2722;2703;67,9;67,7;2;15
06438;Offenbach;LK;2016;16811;16578;57,5;56,9;13;45
06439;Rheingau-Taunus-Kreis;LK;2016;5768;5688;59,9;59,3;1;27
06440;Wetteraukreis;LK;2016;12850;12765;57,3;57;3;61
06531;Gießen;LK;2016;39957;15003;85,2;60,7;11;72
06532;Lahn-Dill-Kreis;LK;2016;9789;9727;62,8;62,6;22;76
06533;Limburg-Weilburg;LK;2016;8167;8017;63,4;62,7;10;29
06534;Marburg-Biedenkopf;LK;2016;10699;10625;62,4;62,1;16;77
06535;Vogelsbergkreis;LK;2016;4003;3859;68,2;67,1;2;29
06611;Kassel;KfS;2016;19431;18757;60,3;58,9;10;48
06631;Fulda;LK;2016;9672;9339;65,4;64,2;18;41
06632;Hersfeld-Rotenburg;LK;2016;5862;5724;65,6;64,9;5;34
06633;Kassel;LK;2016;7445;7411;57,8;57,6;8;26
06634;Schwalm-Eder-Kreis;LK;2016;6971;6876;60,9;60,4;6;61
06635;Waldeck-Frankenberg;LK;2016;5706;5680;63,2;63;6;52
06636;Werra-Meißner-Kreis;LK;2016;4568;4438;63,1;62,1;2;36
07111;Koblenz;KfS;2016;12989;12839;51,8;51,2;3;24
07131;Ahrweiler;LK;2016;8292;8267;59,8;59,7;0;54
07132;Altenkirchen (Westerwald);LK;2016;7275;7261;67;66,9;7;31
07133;Bad Kreuznach;LK;2016;10001;9964;66,4;66,3;5;43
07134;Birkenfeld;LK;2016;4556;4549;66,3;66,3;1;12
07135;Cochem-Zell;LK;2016;2818;2808;63,7;63,6;0;20
07137;Mayen-Koblenz;LK;2016;10859;10825;60,8;60,7;3;71
07138;Neuwied;LK;2016;10866;10816;60,9;60,7;4;66
07140;Rhein-Hunsrück-Kreis;LK;2016;5054;4731;63,1;60,5;1;22
07141;Rhein-Lahn-Kreis;LK;2016;7426;6016;72,4;65,9;3;22
07143;Westerwaldkreis;LK;2016;9443;9413;62,8;62,7;3;56
07211;Trier;KfS;2016;18653;9563;80,8;62,6;4;27
07231;Bernkastel-Wittlich;LK;2016;5449;5438;71,8;71,7;6;30
07232;Eifelkreis Bitburg-Prüm;LK;2016;4579;4446;69,1;68,2;1;35
07233;Vulkaneifel;LK;2016;3059;3045;67,9;67,7;2;30
07235;Trier-Saarburg;LK;2016;9671;4800;82,3;64,4;2;10
07311;Frankenthal (Pfalz);KfS;2016;4314;4304;61,5;61,4;1;15
07312;Kaiserslautern;KfS;2016;12041;11943;65,4;65,1;4;21
07313;Landau in der Pfalz;KfS;2016;4348;4330;59,9;59,7;4;7
07314;Ludwigshafen am Rhein;KfS;2016;16487;16406;61,3;61,1;5;33
07315;Mainz;KfS;2016;20684;20487;61,8;61,4;3;16
07316;Neustadt an der Weinstraße;KfS;2016;3847;3792;62,9;62,4;1;7
07317;Pirmasens;KfS;2016;3410;3403;67,7;67,6;0;10
07318;Speyer;KfS;2016;4679;4666;54,3;54,2;1;10
07319;Worms;KfS;2016;7054;7040;59,6;59,5;3;13
07320;Zweibrücken;KfS;2016;2776;2770;62,8;62,7;2;6
07331;Alzey-Worms;LK;2016;5350;5337;63,3;63,2;3;17
07332;Bad Dürkheim;LK;2016;7126;7099;59,8;59,7;0;23
07333;Donnersbergkreis;LK;2016;3628;3624;66,3;66,2;2;13
07334;Germersheim;LK;2016;7406;7362;63,5;63,3;3;27
07335;Kaiserslautern;LK;2016;4695;4672;60,1;60;1;26
07336;Kusel;LK;2016;4265;3294;70,9;62,4;3;11
07337;Südliche Weinstraße;LK;2016;4884;4879;61,7;61,7;6;25
07338;Rhein-Pfalz-Kreis;LK;2016;7005;6996;56,2;56,1;5;17
07339;Mainz-Bingen;LK;2016;15692;11071;74,3;63,6;4;48
07340;Südwestpfalz;LK;2016;2951;2949;61,7;61,6;1;35
08111;Stuttgart;SK;2016;58868;57055;63,1;62;32;109
08115;Böblingen;LK;2016;17623;17478;63,3;63;7;41
08116;Esslingen;LK;2016;25936;23141;62;57,4;12;73
08117;Göppingen;LK;2016;9641;9605;58;57,8;9;31
08118;Ludwigsburg;LK;2016;22990;22903;60;59,8;10;63
08119;Rems-Murr-Kreis;LK;2016;19705;19619;58,4;58,2;9;81
08121;Heilbronn;SK;2016;9258;9163;61,9;61,5;9;30
08125;Heilbronn;LK;2016;11374;11323;54,5;54,3;9;51
08126;Hohenlohekreis;LK;2016;4462;4446;58,1;58;3;24
08127;Schwäbisch Hall;LK;2016;7211;7195;60,9;60,8;9;36
08128;Main-Tauber-Kreis;LK;2016;5184;5167;60,4;60,3;2;21
08135;Heidenheim;LK;2016;5181;5167;61,4;61,3;5;26
08136;Ostalbkreis;LK;2016;12640;12317;59,2;58,1;5;69
08211;Baden-Baden;SK;2016;4315;4253;60,1;59,5;0;9
08212;Karlsruhe;SK;2016;31821;30213;60,2;58,1;9;36
08215;Karlsruhe;LK;2016;17962;17913;51,8;51,7;10;67
08216;Rastatt;LK;2016;11217;11086;58,5;58,1;7;53
08221;Heidelberg;SK;2016;16128;15022;57,7;54,5;5;11
08222;Mannheim;SK;2016;35421;34690;55,1;54,2;15;44
08225;Neckar-Odenwald-Kreis;LK;2016;5021;5003;62,9;62,7;8;23
08226;Rhein-Neckar-Kreis;LK;2016;25200;24974;53,8;53,4;14;81
08231;Pforzheim;SK;2016;9281;9256;62,9;62,8;4;22
08235;Calw;LK;2016;5023;4991;63,6;63,4;4;35
08236;Enzkreis;LK;2016;5956;5941;55,2;55,1;4;21
08237;Freudenstadt;LK;2016;4383;4362;64,9;64,7;2;17
08311;Freiburg im Breisgau;SK;2016;28854;27312;59;56,8;12;43
08315;Breisgau-Hochschwarzwald;LK;2016;13110;12655;56,1;54,5;0;45
08316;Emmendingen;LK;2016;6732;6693;58,3;58;5;27
08317;Ortenaukreis;LK;2016;26603;24030;62,8;58,8;6;123
08325;Rottweil;LK;2016;4563;4551;63,2;63,1;4;17
08326;Schwarzwald-Baar-Kreis;LK;2016;9037;8938;62;61,6;8;32
08327;Tuttlingen;LK;2016;6219;6179;63,7;63,5;6;24
08335;Konstanz;LK;2016;18699;16839;63,7;59,7;6;45
08336;Lörrach;LK;2016;21981;16932;69,2;60,1;7;31
08337;Waldshut;LK;2016;7304;7159;65,6;65;9;34
08415;Reutlingen;LK;2016;13017;12866;61,7;61,2;6;46
08416;Tübingen;LK;2016;9427;9390;55,8;55,7;5;43
08417;Zollernalbkreis;LK;2016;6763;6733;64,1;64;6;27
08421;Ulm;SK;2016;10923;10722;62;61,3;5;23
08425;Alb-Donau-Kreis;LK;2016;5581;5531;60,5;60,2;9;21
08426;Biberach;LK;2016;7089;7065;59,9;59,8;5;21
08435;Bodenseekreis;LK;2016;9349;9249;61;60,6;9;39
08436;Ravensburg;LK;2016;13843;13155;63,5;61,6;6;61
08437;Sigmaringen;LK;2016;5829;5811;64,2;64,1;7;25
09161;Ingolstadt;KfS;2016;10948;10795;64,2;63,7;7;25
09162;München;KfS;2016;114710;97121;68,3;62,5;40;131
09163;Rosenheim;KfS;2016;5864;5606;68,2;66,8;5;13
09171;Altötting;LK;2016;5367;4528;67,6;62,1;1;15
09172;Berchtesgadener Land;LK;2016;108046;4847;43,5;69,9;7;19
09173;Bad Tölz-Wolfratshausen;LK;2016;4218;4202;63,8;63,7;1;22
09174;Dachau;LK;2016;5359;5027;62,4;60;8;9
09175;Ebersberg;LK;2016;4644;4621;60,4;60,2;1;15
09176;Eichstätt;LK;2016;3400;3385;65,4;65,3;7;9
09177;Erding;LK;2016;5691;5560;65,2;64,4;2;20
09178;Freising;LK;2016;10416;7593;72,6;62,6;3;17
09179;Fürstenfeldbruck;LK;2016;8325;8264;59,6;59,3;10;23
09180;Garmisch-Partenkirchen;LK;2016;4720;3387;72,8;62,2;4;11
09181;Landsberg am Lech;LK;2016;4052;3987;64,1;63,5;5;9
09182;Miesbach;LK;2016;4306;4219;63,4;62,6;5;9
09183;Mühldorf a.Inn;LK;2016;4261;4191;67,4;67;4;15
09184;München;LK;2016;13246;13094;55,3;54,8;3;35
09185;Neuburg-Schrobenhausen;LK;2016;3661;3622;72,4;72,1;2;14
09186;Pfaffenhofen a.d.Ilm;LK;2016;4697;4675;65;64,9;2;16
09187;Rosenheim;LK;2016;64787;10152;68,2;70,8;8;35
09188;Starnberg;LK;2016;4910;4882;59,8;59,5;2;23
09189;Traunstein;LK;2016;6974;6637;65,6;63,9;7;26
09190;Weilheim-Schongau;LK;2016;4811;4777;66;65,7;2;16
09261;Landshut;KfS;2016;6448;6352;67,1;66,6;2;17
09262;Passau;KfS;2016;12905;4784;85,8;63,7;7;5
09263;Straubing;KfS;2016;3831;3810;64,8;64,6;2;7
09271;Deggendorf;LK;2016;9927;5428;82,9;68,7;3;26
09272;Freyung-Grafenau;LK;2016;2196;2039;77,8;76,3;2;7
09273;Kelheim;LK;2016;3765;3745;67;66,8;3;22
09274;Landshut;LK;2016;4562;4540;64,9;64,7;5;21
09275;Passau;LK;2016;19469;5401;91;69,3;4;17
09276;Regen;LK;2016;2367;2336;76,7;76,4;2;11
09277;Rottal-Inn;LK;2016;36356;3940;96,8;71,3;3;13
09278;Straubing-Bogen;LK;2016;2702;2655;68;67,4;1;6
09279;Dingolfing-Landau;LK;2016;3030;2979;65,8;65,2;0;13
09361;Amberg;KfS;2016;2899;2837;68,5;67,8;1;8
09362;Regensburg;KfS;2016;17954;12916;70,9;59,5;6;16
09363;Weiden i.d.OPf.;KfS;2016;3544;3283;71,9;69,7;1;7
09371;Amberg-Sulzbach;LK;2016;2820;2800;66,5;66,3;2;13
09372;Cham;LK;2016;4093;3715;73,3;70,6;2;18
09373;Neumarkt i.d.OPf.;LK;2016;3610;3594;66,7;66,5;1;15
09374;Neustadt a.d.Waldnaab;LK;2016;3998;3198;77,2;72;3;21
09375;Regensburg;LK;2016;4610;4590;66,6;66,5;3;15
09376;Schwandorf;LK;2016;5545;5516;66,4;66,2;2;20
09377;Tirschenreuth;LK;2016;2910;2821;74,3;73,5;0;21
09461;Bamberg;KfS;2016;6791;6680;65,5;65;4;9
09462;Bayreuth;KfS;2016;7864;5788;76,5;68;10;17
09463;Coburg;KfS;2016;3571;3296;71,4;69;4;8
09464;Hof;KfS;2016;3711;3530;74,3;73;4;5
09471;Bamberg;LK;2016;3722;3664;72,2;71,8;10;10
09472;Bayreuth;LK;2016;3107;2913;73,1;71,3;3;6
09473;Coburg;LK;2016;3295;3031;70,9;68,4;11;6
09474;Forchheim;LK;2016;3515;3500;72,1;71,9;4;13
09475;Hof;LK;2016;4597;3949;79,6;76,3;3;15
09476;Kronach;LK;2016;2560;2288;77,3;74,6;11;8
09477;Kulmbach;LK;2016;3819;3139;81,1;77;4;8
09478;Lichtenfels;LK;2016;3103;3081;74,1;73,9;5;25
09479;Wunsiedel i.Fichtelgebirge;LK;2016;3878;3654;74,8;73,3;4;9
09561;Ansbach;KfS;2016;3294;3267;74,1;73,9;5;6
09562;Erlangen;KfS;2016;6212;6161;62,2;61,9;2;6
09563;Fürth;KfS;2016;5985;5950;65,9;65,7;5;11
09564;Nürnberg;KfS;2016;46694;45992;64,2;63,6;35;44
09565;Schwabach;KfS;2016;1694;1682;66;65,8;0;2
09571;Ansbach;LK;2016;6099;6063;63,8;63,6;6;19
09572;Erlangen-Höchstadt;LK;2016;3992;3967;64,4;64,1;1;11
09573;Fürth;LK;2016;5041;2666;80,9;64;3;7
09574;Nürnberger Land;LK;2016;6145;6089;64;63,7;6;20
09575;Neustadt a.d.Aisch-Bad Windsheim;LK;2016;3010;3006;62,7;62,6;7;9
09576;Roth;LK;2016;3749;3714;58,7;58,3;4;17
09577;Weißenburg-Gunzenhausen;LK;2016;3339;3283;73,4;73;1;12
09661;Aschaffenburg;KfS;2016;5524;5439;65,1;64,6;8;6
09662;Schweinfurt;KfS;2016;8117;4762;81;67,7;3;8
09663;Würzburg;KfS;2016;11029;10686;69,3;68,3;10;21
09671;Aschaffenburg;LK;2016;4579;4518;66,7;66,2;7;12
09672;Bad Kissingen;LK;2016;3986;3974;69,5;69,5;0;17
09673;Rhön-Grabfeld;LK;2016;2707;2698;71,2;71,1;2;6
09674;Haßberge;LK;2016;2644;2642;68,2;68,1;1;5
09675;Kitzingen;LK;2016;3477;3449;63,8;63,5;4;25
09676;Miltenberg;LK;2016;4395;4356;73,7;73,5;2;17
09677;Main-Spessart;LK;2016;3699;3667;69,8;69,5;6;21
09678;Schweinfurt;LK;2016;2858;2843;64,2;64;0;15
09679;Würzburg;LK;2016;3591;3526;67,3;66,6;3;14
09761;Augsburg;KfS;2016;22876;21938;69,9;68,6;5;37
09762;Kaufbeuren;KfS;2016;2559;2534;68,7;68,4;3;7
09763;Kempten (Allgäu);KfS;2016;4699;4543;72,1;71,2;5;10
09764;Memmingen;KfS;2016;3032;2950;67,1;66,1;0;2
09771;Aichach-Friedberg;LK;2016;3431;3332;64,4;63,4;1;14
09772;Augsburg;LK;2016;7946;7580;68,8;67,3;2;24
09773;Dillingen a.d.Donau;LK;2016;2995;2962;70,4;70;2;19
09774;Günzburg;LK;2016;5316;5141;65,6;64,4;8;16
09775;Neu-Ulm;LK;2016;7734;7663;66,8;66,5;3;13
09776;Lindau (Bodensee);LK;2016;6302;3884;81;69,1;5;13
09777;Ostallgäu;LK;2016;4237;4006;71,2;69,6;3;17
09778;Unterallgäu;LK;2016;3977;3799;69,7;68,2;3;23
09779;Donau-Ries;LK;2016;5574;3891;77,5;67,8;2;15
09780;Oberallgäu;LK;2016;5199;5120;70,6;70,1;0;24
10041;Regionalverband Saarbrücken;RV;2016;32777;30159;59,1;55,6;6;108
10042;Merzig-Wadern;LK;2016;5307;5271;58,8;58,5;1;28
10043;Neunkirchen;LK;2016;8486;8465;58,5;58,4;2;34
10044;Saarlouis;LK;2016;16489;12327;67,3;56,3;1;72
10045;Saarpfalz-Kreis;LK;2016;7578;7493;54,9;54,4;3;30
10046;St. Wendel;LK;2016;3566;3562;55,6;55,5;0;26
11;Berlin;KfS;2016;568860;552645;42;40,5;92;1039
12051;Brandenburg an der Havel;KfS;2016;8752;8734;51;50,9;1;41
12052;Cottbus;KfS;2016;11282;11171;50,1;49,6;1;41
12053;Frankfurt (Oder);KfS;2016;6454;5475;61,3;54,5;1;15
12054;Potsdam;KfS;2016;16573;16492;51;50,8;5;58
12060;Barnim;LK;2016;12464;12423;53,2;53,1;5;94
12061;Dahme-Spreewald;LK;2016;14725;12288;57;48,5;1;60
12062;Elbe-Elster;LK;2016;6282;6274;52;52;0;55
12063;Havelland;LK;2016;10428;10412;50,6;50,5;0;61
12064;Märkisch-Oderland;LK;2016;13006;12922;54;53,7;4;117
12065;Oberhavel;LK;2016;13525;13494;52;51,9;3;143
12066;Oberspreewald-Lausitz;LK;2016;7153;7140;51,1;51;0;50
12067;Oder-Spree;LK;2016;11914;11502;53,2;51,9;3;81
12068;Ostprignitz-Ruppin;LK;2016;7476;7465;62,3;62,2;0;79
12069;Potsdam-Mittelmark;LK;2016;12637;12623;49,1;49;3;100
12070;Prignitz;LK;2016;4627;4613;59,2;59,1;5;39
12071;Spree-Neiße;LK;2016;8660;8613;45,3;45;1;59
12072;Teltow-Fläming;LK;2016;10860;10822;52,6;52,4;8;62
12073;Uckermark;LK;2016;8581;8518;58,6;58,3;4;74
13003;Rostock;KfS;2016;20824;20201;58,5;57,3;4;89
13004;Schwerin;KfS;2016;11757;11533;66,5;65,8;2;41
13071;Mecklenburgische Seenplatte;LK;2016;17017;16747;62,3;61,7;2;105
13072;Landkreis Rostock;LK;2016;11928;11909;63,7;63,7;4;99
13073;Vorpommern-Rügen;LK;2016;16136;16050;65,9;65,7;3;123
13074;Nordwestmecklenburg;LK;2016;10315;10173;58,5;58;4;111
13075;Vorpommern-Greifswald;LK;2016;16369;16227;54,7;54,3;5;112
13076;Ludwigslust-Parchim;LK;2016;17969;11945;73,4;60,3;1;76
14511;Chemnitz;KfS;2016;27236;23227;61,3;54,7;8;106
14521;Erzgebirgskreis;LK;2016;12736;12502;63;62,3;2;104
14522;Mittelsachsen;LK;2016;13656;13549;61,4;61,1;6;103
14523;Vogtlandkreis;LK;2016;14649;12882;65,1;60,4;4;82
14524;Zwickau;LK;2016;17546;17162;59,2;58,3;10;102
14612;Dresden;KfS;2016;58660;55920;55,8;53,7;13;161
14625;Bautzen;LK;2016;15456;15107;58,6;57,6;3;136
14626;Görlitz;LK;2016;21199;19006;62,3;58;5;87
14627;Meißen;LK;2016;12353;12241;57,3;56,9;5;67
14628;Sächsische Schweiz-Osterzgebirge;LK;2016;13398;10968;65,9;58,5;3;62
14713;Leipzig;KfS;2016;88615;82877;47,2;43,6;26;278
14729;Leipzig;LK;2016;15713;15303;53,2;51,9;7;127
14730;Nordsachsen;LK;2016;13452;13204;51,5;50,6;6;110
15001;Dessau-Roßlau;KfS;2016;9401;9360;54,8;54,6;4;58
15002;Halle (Saale);KfS;2016;31462;29934;48;45,3;3;74
15003;Magdeburg;KfS;2016;28354;27832;52,2;51,3;10;51
15081;Altmarkkreis Salzwedel;LK;2016;4909;4907;58,8;58,8;2;53
15082;Anhalt-Bitterfeld;LK;2016;13700;13677;53,3;53,3;6;72
15083;Börde;LK;2016;10242;10231;57,9;57,9;13;80
15084;Burgenlandkreis;LK;2016;13824;13808;58,1;58;4;87
15085;Harz;LK;2016;20669;14123;70,6;57;7;110
15086;Jerichower Land;LK;2016;6415;6407;61;61;1;52
15087;Mansfeld-Südharz;LK;2016;9898;9892;58,5;58,5;4;56
15088;Saalekreis;LK;2016;14747;14731;51,6;51,6;2;109
15089;Salzlandkreis;LK;2016;12874;12869;56,7;56,6;9;59
15090;Stendal;LK;2016;8052;7508;61,9;59,1;7;31
15091;Wittenberg;LK;2016;9540;9512;53,5;53,4;3;78
16051;Erfurt;KfS;2016;23885;23213;60,9;59,8;1;65
16052;Gera;KfS;2016;10332;10005;70,6;69,7;1;19
16053;Jena;KfS;2016;7901;7880;59,2;59,1;0;23
16054;Suhl;KfS;2016;3108;2555;72,3;66,3;0;10
16055;Weimar;KfS;2016;6770;6762;57,7;57,6;0;11
16056;Eisenach;KfS;2016;3846;3829;66,8;66,7;0;13
16061;Eichsfeld;LK;2016;4021;4013;65;64,9;1;23
16062;Nordhausen;LK;2016;5512;5481;66,3;66,1;4;27
16063;Wartburgkreis;LK;2016;4821;4817;66,8;66,8;6;40
16064;Unstrut-Hainich-Kreis;LK;2016;6550;6542;66,4;66,3;1;48
16065;Kyffhäuserkreis;LK;2016;5720;5715;63,3;63,2;1;53
16066;Schmalkalden-Meiningen;LK;2016;6832;6768;68,5;68,2;2;32
16067;Gotha;LK;2016;8896;8820;66,1;65,8;4;68
16068;Sömmerda;LK;2016;4262;4260;58,9;58,9;1;11
16069;Hildburghausen;LK;2016;2489;2484;68,4;68,4;1;17
16070;Ilm-Kreis;LK;2016;7729;7704;56,8;56,7;6;67
16071;Weimarer Land;LK;2016;4154;4141;64,3;64,2;1;17
16072;Sonneberg;LK;2016;3451;3448;71,2;71,1;4;35
16073;Saalfeld-Rudolstadt;LK;2016;6281;6158;68;67,4;0;41
16074;Saale-Holzland-Kreis;LK;2016;4148;4073;66,1;65,5;0;10
16075;Saale-Orla-Kreis;LK;2016;4554;4553;63,9;63,9;2;18
16076;Greiz;LK;2016;4889;4861;68,8;68,7;3;17
16077;Altenburger Land;LK;2016;6587;6334;67,9;66,6;1;29
01001;Flensburg;KfS;2015;10828;9430;60,2;54,4;0;44
01002;Kiel;KfS;2015;26078;25687;46,9;46,1;3;123
01003;Lübeck;KfS;2015;22881;22437;51,4;50,5;6;83
01004;Neumünster;KfS;2015;17418;9254;77,2;57,2;4;23
01051;Dithmarschen;K;2015;7345;7336;53,8;53,8;1;46
01053;Herzogtum Lauenburg;K;2015;10615;10576;49,6;49,4;4;70
01054;Nordfriesland;K;2015;8938;8823;51;50,4;3;59
01055;Ostholstein;K;2015;13543;12756;50;47;6;67
01056;Pinneberg;K;2015;19779;19687;46,4;46,1;9;65
01057;Plön;K;2015;5850;5843;47,6;47,5;2;21
01058;Rendsburg-Eckernförde;K;2015;13195;13084;52;51,6;2;50
01059;Schleswig-Flensburg;K;2015;9721;8290;61,2;54,5;2;42
01060;Segeberg;K;2015;15252;15197;45,5;45,3;6;61
01061;Steinburg;K;2015;7380;7362;50,1;50;3;37
01062;Stormarn;K;2015;13775;13671;41;40,5;3;78
02;Hamburg;KfS;2015;243313;237062;43,8;42,3;62;395
03101;Braunschweig;KfS;2015;25497;24708;58,6;57,2;5;38
03102;Salzgitter;KfS;2015;6379;6366;59,7;59,6;2;21
03103;Wolfsburg;KfS;2015;9606;9567;57,3;57,2;7;23
03151;Gifhorn;LK;2015;7756;7744;62,3;62,3;1;55
03152;Göttingen;LK;2015;21825;18603;63,2;56,9;5;50
03153;Goslar;LK;2015;9687;9625;61,6;61,4;4;33
03154;Helmstedt;LK;2015;5949;5913;64,1;63,9;2;31
03155;Northeim;LK;2015;7589;7550;66,8;66,6;2;38
03156;Osterode am Harz;LK;2015;4002;3997;68,1;68;2;13
03157;Peine;LK;2015;6547;6507;55,4;55,1;0;23
03158;Wolfenbüttel;LK;2015;4841;4826;57,1;57;3;40
03159;Göttingen, Landkreis;LK;2015;25827;22600;64,0;58,9;7;63
03241;Region Hannover;LK;2015;121119;117497;60,7;59,5;38;181
03251;Diepholz;LK;2015;11834;11807;59;58,9;6;43
03252;Hameln-Pyrmont;LK;2015;9560;9529;69,1;69;1;23
03254;Hildesheim;LK;2015;17443;17267;60,3;60;10;65
03255;Holzminden;LK;2015;3643;3629;67,7;67,5;2;13
03256;Nienburg (Weser);LK;2015;6345;6328;60,5;60,4;3;20
03257;Schaumburg;LK;2015;9520;9481;61,9;61,8;6;34
03351;Celle;LK;2015;13279;13250;66,5;66,4;8;84
03352;Cuxhaven;LK;2015;10404;10380;58;57,9;6;58
03353;Harburg;LK;2015;14639;14518;58,3;57,9;15;51
03354;Lüchow-Dannenberg;LK;2015;2785;2778;66,2;66,2;2;39
03355;Lüneburg;LK;2015;13130;13030;57,6;57,3;8;49
03356;Osterholz;LK;2015;6207;6191;58,6;58,5;1;23
03357;Rotenburg (Wümme);LK;2015;10205;10143;61,3;61,1;3;49
03358;Landkreis Heidekreis;LK;2015;11248;11175;62,7;62,5;3;56
03359;Stade;LK;2015;11825;11778;61,6;61,4;5;68
03360;Uelzen;LK;2015;6066;6003;64,9;64,6;8;46
03361;Verden;LK;2015;8690;8652;65,7;65,6;3;57
03401;Delmenhorst;KfS;2015;6609;6598;58,5;58,5;52;6
03402;Emden;KfS;2015;4598;4562;54,5;54,2;1;8
03403;Oldenburg (Oldenburg);KfS;2015;14598;14211;54,1;52,9;7;36
03404;Osnabrück;KfS;2015;17756;17443;58,1;57,3;11;29
03405;Wilhelmshaven;KfS;2015;10180;10157;63,7;63,7;1;16
03451;Ammerland;LK;2015;5013;5001;56,6;56,5;1;17
03452;Aurich;LK;2015;11174;11137;64,4;64,3;3;73
03453;Cloppenburg;LK;2015;7787;7756;63,5;63,4;1;36
03454;Emsland;LK;2015;18328;18244;62,5;62,3;9;64
03455;Friesland;LK;2015;5612;5605;60;59,9;0;37
03456;Grafschaft Bentheim;LK;2015;8309;7755;63,5;60,9;1;40
03457;Leer;LK;2015;9934;9590;65,1;64;1;49
03458;Oldenburg;LK;2015;6341;6306;58;57,7;14;16
03459;Osnabrück;LK;2015;23864;16559;71,5;58,9;7;70
03460;Vechta;LK;2015;7214;7191;54,3;54,1;3;11
03461;Wesermarsch;LK;2015;4967;4959;64,4;64,4;2;22
03462;Wittmund;LK;2015;3306;2942;69,6;65,9;1;24
04011;Bremen;KfS;2015;76978;74027;47,2;45,2;18;124
04012;Bremerhaven;KfS;2015;14091;14052;50,4;50,3;12;61
05111;Düsseldorf;KfS;2015;84260;78385;43,2;39;17;97
05112;Duisburg;KfS;2015;55604;55296;55,2;55;7;93
05113;Essen;KfS;2015;66407;65716;51,7;51,2;20;240
05114;Krefeld;KfS;2015;22965;22920;55,1;55,1;7;55
05116;Mönchengladbach;KfS;2015;23515;23385;51,5;51,2;9;78
05117;Mülheim an der Ruhr;KfS;2015;14518;14441;53,7;53,5;0;49
05119;Oberhausen;KfS;2015;18936;18843;54,3;54,1;4;20
05120;Remscheid;KfS;2015;7849;7832;59,6;59,5;4;15
05122;Solingen;KfS;2015;11408;11377;47,9;47,7;3;19
05124;Wuppertal;KfS;2015;37068;36827;53,7;53,4;8;59
05154;Kleve;K;2015;24242;22895;57,1;54,6;7;31
05158;Mettmann;K;2015;32491;32375;51,2;51;6;86
05162;Rhein-Kreis Neuss;K;2015;30788;30591;50,7;50,4;4;68
05166;Viersen;K;2015;18648;18377;52,2;51,5;4;62
05170;Wesel;K;2015;30240;30097;51,8;51,6;4;64
05314;Bonn;KfS;2015;36022;35337;46,5;45,5;5;46
05315;Köln;KfS;2015;155510;148618;43;40,4;40;212
05316;Leverkusen;KfS;2015;13958;13792;46,6;46;3;29
05334;Aachen;K;2015;56158;52769;49,5;46,2;18;146
05358;Düren;K;2015;18642;18531;52,3;52;5;79
05362;Rhein-Erft-Kreis;K;2015;35620;35463;46,4;46,2;9;70
05366;Euskirchen;K;2015;11441;11358;55,9;55,5;4;64
05370;Heinsberg;K;2015;17671;17633;49,9;49,8;0;40
05374;Oberbergischer Kreis;K;2015;12768;12752;56,1;56;1;79
05378;Rheinisch-Bergischer Kreis;K;2015;14564;14488;46,9;46,7;1;54
05382;Rhein-Sieg-Kreis;K;2015;34046;33833;47,9;47,6;3;106
05512;Bottrop;KfS;2015;8836;8820;49,3;49,2;5;32
05513;Gelsenkirchen;KfS;2015;26428;26348;48,4;48,3;11;44
05515;Münster;KfS;2015;29833;29293;43,1;42,1;2;25
05554;Borken;K;2015;24423;24331;50,7;50,5;2;97
05558;Coesfeld;K;2015;13739;13715;50,7;50,6;3;47
05562;Recklinghausen;K;2015;48407;48324;50,2;50,1;14;102
05566;Steinfurt;K;2015;26226;26124;51,1;50,9;7;98
05570;Warendorf;K;2015;14577;14530;51,2;51,1;1;24
05711;Bielefeld;KfS;2015;28029;27110;57,2;55,7;6;67
05754;Gütersloh;K;2015;18588;18527;50,6;50,4;7;57
05758;Herford;K;2015;12340;12318;55,1;55,1;3;43
05762;Höxter;K;2015;6882;6856;58,6;58,4;0;43
05766;Lippe;K;2015;15026;14972;57,5;57,3;5;69
05770;Minden-Lübbecke;K;2015;15929;15799;52,6;52,2;1;41
05774;Paderborn;K;2015;18143;17936;54,2;53,7;9;70
05911;Bochum;KfS;2015;38044;37855;50,9;50,7;8;48
05913;Dortmund;KfS;2015;83586;80911;50,8;49,2;18;114
05914;Hagen;KfS;2015;17126;16949;57,1;56,7;2;37
05915;Hamm;KfS;2015;15204;14963;51,1;50,3;2;55
05916;Herne;KfS;2015;15579;15547;48;47,9;3;34
05954;Ennepe-Ruhr-Kreis;K;2015;20841;20794;53,8;53,7;4;67
05958;Hochsauerlandkreis;K;2015;12744;12675;52,9;52,7;5;83
05962;Märkischer Kreis;K;2015;25516;25484;52,7;52,6;9;107
05966;Olpe;K;2015;6457;6430;59,8;59,6;0;31
05970;Siegen-Wittgenstein;K;2015;17852;17703;60,6;60,3;3;101
05974;Soest;K;2015;17508;17453;55;54,9;4;99
05978;Unna;K;2015;28646;28547;48,5;48,3;8;95
06411;Darmstadt;KfS;2015;11827;11524;61,5;60,5;4;34
06412;Frankfurt am Main;KfS;2015;118766;98151;61;52,8;41;212
06413;Offenbach am Main;KfS;2015;12849;12409;64,6;63,3;8;22
06414;Wiesbaden;KfS;2015;24194;23658;60,2;59,3;15;25
06431;Bergstraße;LK;2015;10484;10364;58,9;58,5;15;65
06432;Darmstadt-Dieburg;LK;2015;9918;9833;57,7;57,3;4;49
06433;Groß-Gerau;LK;2015;11308;10992;60,8;59,6;12;48
06434;Hochtaunuskreis;LK;2015;11263;11199;56,7;56,4;6;50
06435;Main-Kinzig-Kreis;LK;2015;19252;18588;59,3;57,8;12;101
06436;Main-Taunus-Kreis;LK;2015;11691;11569;57,5;57,1;4;36
06437;Odenwaldkreis;LK;2015;2502;2480;67,5;67,2;0;17
06438;Offenbach;LK;2015;17039;16597;54,6;53,4;8;65
06439;Rheingau-Taunus-Kreis;LK;2015;5980;5905;57,3;56,8;3;23
06440;Wetteraukreis;LK;2015;12510;12434;56,6;56,3;15;59
06531;Gießen;LK;2015;25010;17810;70,2;58,2;20;74
06532;Lahn-Dill-Kreis;LK;2015;9838;9781;62,9;62,7;13;51
06533;Limburg-Weilburg;LK;2015;8599;8534;61,7;61,4;12;33
06534;Marburg-Biedenkopf;LK;2015;10495;10438;62,6;62,4;5;63
06535;Vogelsbergkreis;LK;2015;3801;3788;63,7;63,5;4;50
06611;Kassel;KfS;2015;20931;20261;55,1;53,6;11;40
06631;Fulda;LK;2015;9140;8603;64,8;62,6;6;46
06632;Hersfeld-Rotenburg;LK;2015;5352;5296;63,2;62,8;4;18
06633;Kassel;LK;2015;7276;7250;55,9;55,7;7;44
06634;Schwalm-Eder-Kreis;LK;2015;6754;6735;60,8;60,7;1;46
06635;Waldeck-Frankenberg;LK;2015;5392;5376;58,1;58;5;37
06636;Werra-Meißner-Kreis;LK;2015;4566;4509;63;62,6;3;37
07111;Koblenz;KfS;2015;13758;13559;49,2;48,4;4;45
07131;Ahrweiler;LK;2015;8958;8934;55,7;55,6;0;39
07132;Altenkirchen (Westerwald);LK;2015;7752;7729;70,6;70,6;1;30
07133;Bad Kreuznach;LK;2015;10969;10895;66,7;66,4;3;51
07134;Birkenfeld;LK;2015;4485;4473;64,9;64,9;1;38
07135;Cochem-Zell;LK;2015;2811;2808;61,2;61,2;0;19
07137;Mayen-Koblenz;LK;2015;11255;11234;59,9;59,8;4;57
07138;Neuwied;LK;2015;11194;11159;61,8;61,7;2;44
07140;Rhein-Hunsrück-Kreis;LK;2015;5946;4901;66,7;59,6;2;22
07141;Rhein-Lahn-Kreis;LK;2015;5789;5756;63,3;63,1;0;39
07143;Westerwaldkreis;LK;2015;8957;8931;60,5;60,4;0;43
07211;Trier;KfS;2015;17870;9741;78,7;61;0;24
07231;Bernkastel-Wittlich;LK;2015;5500;5487;67,3;67,2;0;30
07232;Eifelkreis Bitburg-Prüm;LK;2015;4714;4582;66,9;65,9;0;29
07233;Vulkaneifel;LK;2015;2959;2943;65,9;65,7;2;17
07235;Trier-Saarburg;LK;2015;5585;4805;66,7;61,3;0;26
07311;Frankenthal (Pfalz);KfS;2015;4238;4228;60,6;60,5;2;11
07312;Kaiserslautern;KfS;2015;12857;12670;64,7;64,2;4;30
07313;Landau in der Pfalz;KfS;2015;4468;4419;58,5;58;0;15
07314;Ludwigshafen am Rhein;KfS;2015;17655;17474;60,3;59,9;3;33
07315;Mainz;KfS;2015;20810;20506;61;60,5;3;26
07316;Neustadt an der Weinstraße;KfS;2015;4258;4194;61,4;60,8;2;12
07317;Pirmasens;KfS;2015;4011;3997;69,4;69,3;1;23
07318;Speyer;KfS;2015;4960;4960;55,8;55,8;1;10
07319;Worms;KfS;2015;8019;8000;61,1;61;3;15
07320;Zweibrücken;KfS;2015;2533;2531;66,2;66,2;0;11
07331;Alzey-Worms;LK;2015;6184;6171;66,3;66,2;2;25
07332;Bad Dürkheim;LK;2015;7305;7278;57,6;57,5;1;44
07333;Donnersbergkreis;LK;2015;3895;3887;68,4;68,3;3;18
07334;Germersheim;LK;2015;7089;7017;64,3;64;3;50
07335;Kaiserslautern;LK;2015;4832;4812;61,5;61,3;0;32
07336;Kusel;LK;2015;3153;3139;59,8;59,6;0;30
07337;Südliche Weinstraße;LK;2015;5127;5117;58,7;58,6;1;40
07338;Rhein-Pfalz-Kreis;LK;2015;7311;7294;55,4;55,3;1;41
07339;Mainz-Bingen;LK;2015;12270;10769;65,8;61;5;38
07340;Südwestpfalz;LK;2015;3021;3017;59,5;59,5;1;37
08111;Stuttgart;SK;2015;66450;60668;64,3;61;16;106
08115;Böblingen;LK;2015;16921;16739;62,1;61,7;16;54
08116;Esslingen;LK;2015;23893;21669;59,8;55,7;16;71
08117;Göppingen;LK;2015;9187;9127;61;60,7;7;39
08118;Ludwigsburg;LK;2015;24106;23985;58,6;58,4;11;77
08119;Rems-Murr-Kreis;LK;2015;21116;20985;59,7;59,5;11;107
08121;Heilbronn;SK;2015;9102;8959;59,6;59;7;25
08125;Heilbronn;LK;2015;11345;11275;55,3;55;8;62
08126;Hohenlohekreis;LK;2015;4299;4284;56,9;56,8;2;24
08127;Schwäbisch Hall;LK;2015;7626;7588;61;60,8;5;38
08128;Main-Tauber-Kreis;LK;2015;5121;5099;59,9;59,8;2;34
08135;Heidenheim;LK;2015;5231;5214;62,8;62,7;4;27
08136;Ostalbkreis;LK;2015;13908;13816;59,5;59,2;7;116
08211;Baden-Baden;SK;2015;4630;4567;63;62,5;1;14
08212;Karlsruhe;SK;2015;33323;31501;56,9;54,4;12;49
08215;Karlsruhe;LK;2015;16803;16731;53,4;53,2;6;65
08216;Rastatt;LK;2015;10943;10757;61,4;60,8;3;60
08221;Heidelberg;SK;2015;15194;14346;55,7;53,1;4;43
08222;Mannheim;SK;2015;34943;33832;56,7;55,3;9;52
08225;Neckar-Odenwald-Kreis;LK;2015;4655;4632;65,6;65,5;1;26
08226;Rhein-Neckar-Kreis;LK;2015;24053;23816;54,4;53,9;7;64
08231;Pforzheim;SK;2015;9751;9721;63;62,9;3;15
08235;Calw;LK;2015;4928;4895;63,3;63;1;30
08236;Enzkreis;LK;2015;5846;5828;53,7;53,6;3;31
08237;Freudenstadt;LK;2015;4358;4338;64,5;64,3;5;18
08311;Freiburg im Breisgau;SK;2015;29545;28442;60,3;58,8;5;64
08315;Breisgau-Hochschwarzwald;LK;2015;12606;12181;56,6;55,1;5;51
08316;Emmendingen;LK;2015;6450;6414;60,6;60,4;3;35
08317;Ortenaukreis;LK;2015;27228;24867;59,4;55,5;12;105
08325;Rottweil;LK;2015;4803;4787;63,7;63,5;4;19
08326;Schwarzwald-Baar-Kreis;LK;2015;8786;8733;62,1;61,9;2;30
08327;Tuttlingen;LK;2015;6081;6038;64,2;63,9;7;24
08335;Konstanz;LK;2015;18944;17442;62,7;59,5;4;62
08336;Lörrach;LK;2015;20698;17579;64,6;58,3;5;51
08337;Waldshut;LK;2015;7491;7363;64,3;63,7;4;37
08415;Reutlingen;LK;2015;12769;12645;60,6;60,2;4;48
08416;Tübingen;LK;2015;9833;9752;55,5;55,1;4;37
08417;Zollernalbkreis;LK;2015;7676;7647;62,4;62,2;3;32
08421;Ulm;SK;2015;12151;11435;64,2;61,9;9;14
08425;Alb-Donau-Kreis;LK;2015;7616;7586;68,4;68,3;1;21
08426;Biberach;LK;2015;6747;6730;59,1;59;4;32
08435;Bodenseekreis;LK;2015;9960;9773;61,3;60,6;3;31
08436;Ravensburg;LK;2015;13445;12972;60,6;59,1;4;42
08437;Sigmaringen;LK;2015;5079;5069;61,4;61,4;4;25
09161;Ingolstadt;KfS;2015;10687;10325;66,3;65,1;3;26
09162;München;KfS;2015;133672;92428;73,3;61,4;23;139
09163;Rosenheim;KfS;2015;5654;5323;68,3;66,3;7;10
09171;Altötting;LK;2015;5476;4369;70;62,4;5;12
09172;Berchtesgadener Land;LK;2015;27810;4052;94,8;64,9;3;7
09173;Bad Tölz-Wolfratshausen;LK;2015;4119;4100;62,9;62,7;0;16
09174;Dachau;LK;2015;5306;4982;59,1;56,5;3;8
09175;Ebersberg;LK;2015;4231;4185;57,8;57,3;1;20
09176;Eichstätt;LK;2015;3049;3011;63,9;63,5;3;12
09177;Erding;LK;2015;5677;5454;66,1;64,7;4;15
09178;Freising;LK;2015;10456;7046;75,4;63,5;3;15
09179;Fürstenfeldbruck;LK;2015;7234;7167;58,7;58,3;5;19
09180;Garmisch-Partenkirchen;LK;2015;4102;3527;66,3;60,8;4;8
09181;Landsberg am Lech;LK;2015;3986;3917;65;64,4;1;11
09182;Miesbach;LK;2015;3666;3550;60,1;58,8;3;15
09183;Mühldorf a.Inn;LK;2015;4127;3924;65,2;63,4;1;14
09184;München;LK;2015;11703;11497;53,6;52,8;5;39
09185;Neuburg-Schrobenhausen;LK;2015;3359;3315;67,4;67;4;11
09186;Pfaffenhofen a.d.Ilm;LK;2015;4424;4398;63,3;63,1;4;26
09187;Rosenheim;LK;2015;31449;8661;90,7;66,5;6;36
09188;Starnberg;LK;2015;4623;4578;58,5;58,1;5;21
09189;Traunstein;LK;2015;7343;6326;68,3;63,2;4;36
09190;Weilheim-Schongau;LK;2015;4600;4576;68,2;68;3;15
09261;Landshut;KfS;2015;7734;7242;60,9;58,2;0;14
09262;Passau;KfS;2015;18818;4166;91,1;60,3;5;3
09263;Straubing;KfS;2015;3890;3845;66,9;66,5;1;9
09271;Deggendorf;LK;2015;19335;5208;90,6;65,4;4;20
09272;Freyung-Grafenau;LK;2015;2130;2007;79;77,7;2;9
09273;Kelheim;LK;2015;3625;3589;66,2;65,8;0;21
09274;Landshut;LK;2015;4361;4288;67,8;67,3;2;21
09275;Passau;LK;2015;44925;5139;96,2;67,5;6;18
09276;Regen;LK;2015;2299;2236;74,8;74,1;3;21
09277;Rottal-Inn;LK;2015;10640;3581;88,1;64,9;6;19
09278;Straubing-Bogen;LK;2015;3006;2576;69,4;64,4;0;10
09279;Dingolfing-Landau;LK;2015;3119;3015;64,7;63,5;1;13
09361;Amberg;KfS;2015;2961;2851;67,2;65,9;1;9
09362;Regensburg;KfS;2015;19305;13766;70,9;59,2;5;15
09363;Weiden i.d.OPf.;KfS;2015;4048;3301;72,6;66,5;2;5
09371;Amberg-Sulzbach;LK;2015;2676;2630;65,1;64,5;1;12
09372;Cham;LK;2015;3922;3569;74;71,4;1;20
09373;Neumarkt i.d.OPf.;LK;2015;4330;4172;65,7;64,4;2;19
09374;Neustadt a.d.Waldnaab;LK;2015;4332;2873;80,7;71,3;3;20
09375;Regensburg;LK;2015;4757;4606;65,8;64,7;4;13
09376;Schwandorf;LK;2015;5204;5117;70,5;70;1;16
09377;Tirschenreuth;LK;2015;2454;2371;73,3;72,3;0;15
09461;Bamberg;KfS;2015;6314;6205;63,2;62,5;5;12
09462;Bayreuth;KfS;2015;5563;4873;71,1;67;10;19
09463;Coburg;KfS;2015;3435;3415;70;69,8;7;11
09464;Hof;KfS;2015;4562;3875;75;70,6;8;13
09471;Bamberg;LK;2015;3929;3639;71;68,6;3;25
09472;Bayreuth;LK;2015;3142;2766;74,7;71,3;5;20
09473;Coburg;LK;2015;3094;2953;73,9;72,6;6;13
09474;Forchheim;LK;2015;3663;3519;72;70,8;3;8
09475;Hof;LK;2015;5386;4086;80;73,7;1;25
09476;Kronach;LK;2015;2533;2467;76,4;75,8;5;16
09477;Kulmbach;LK;2015;2685;2565;76,6;75,5;1;8
09478;Lichtenfels;LK;2015;2940;2920;72,8;72,6;2;13
09479;Wunsiedel i.Fichtelgebirge;LK;2015;4365;3938;77,3;74,9;10;9
09561;Ansbach;KfS;2015;3130;3049;71,4;70,6;5;12
09562;Erlangen;KfS;2015;6420;6336;62,8;62,3;2;20
09563;Fürth;KfS;2015;6035;5998;68,1;67,9;7;14
09564;Nürnberg;KfS;2015;48359;45946;64,5;62,7;24;44
09565;Schwabach;KfS;2015;1889;1870;61;60,6;1;3
09571;Ansbach;LK;2015;5713;5691;62,4;62,3;8;27
09572;Erlangen-Höchstadt;LK;2015;3681;3611;60,2;59,4;1;10
09573;Fürth;LK;2015;2892;2498;69,4;64,5;2;4
09574;Nürnberger Land;LK;2015;6083;5879;63,9;62,6;3;39
09575;Neustadt a.d.Aisch-Bad Windsheim;LK;2015;2868;2852;64,8;64,6;2;18
09576;Roth;LK;2015;3918;3845;58,2;57,4;1;15
09577;Weißenburg-Gunzenhausen;LK;2015;3468;3405;76,3;75,9;0;26
09661;Aschaffenburg;KfS;2015;5972;5538;71;68,8;6;5
09662;Schweinfurt;KfS;2015;12851;4021;90,1;68,2;7;11
09663;Würzburg;KfS;2015;12126;10300;73,9;69,3;8;17
09671;Aschaffenburg;LK;2015;4813;4619;68,2;66,9;4;13
09672;Bad Kissingen;LK;2015;3471;3443;71,1;70,9;4;7
09673;Rhön-Grabfeld;LK;2015;2642;2630;70,1;70;3;10
09674;Haßberge;LK;2015;2766;2761;69;69;3;15
09675;Kitzingen;LK;2015;3499;3407;65,4;64,5;0;18
09676;Miltenberg;LK;2015;4031;3961;73;72,6;1;7
09677;Main-Spessart;LK;2015;3873;3794;71,1;70,5;3;21
09678;Schweinfurt;LK;2015;2744;2702;63,3;62,7;1;10
09679;Würzburg;LK;2015;3781;3632;66,4;65;2;23
09761;Augsburg;KfS;2015;25659;22475;72,8;68,9;11;31
09762;Kaufbeuren;KfS;2015;2565;2558;71,7;71,6;5;7
09763;Kempten (Allgäu);KfS;2015;4313;4187;73,2;72,3;7;6
09764;Memmingen;KfS;2015;3090;2937;63;61;2;6
09771;Aichach-Friedberg;LK;2015;3813;3290;70,9;66,2;2;9
09772;Augsburg;LK;2015;8054;7511;67,4;65;0;17
09773;Dillingen a.d.Donau;LK;2015;3770;2729;76,7;68,7;2;22
09774;Günzburg;LK;2015;5479;5127;68,4;66,3;1;23
09775;Neu-Ulm;LK;2015;8551;8334;66,1;65,2;9;16
09776;Lindau (Bodensee);LK;2015;4143;3341;72,2;65,5;1;14
09777;Ostallgäu;LK;2015;4535;4190;74,2;72,1;2;18
09778;Unterallgäu;LK;2015;3962;3810;66,3;65;2;20
09779;Donau-Ries;LK;2015;4968;3748;73,2;64,5;2;16
09780;Oberallgäu;LK;2015;4827;4762;71,2;70,8;9;14
10041;Regionalverband Saarbrücken;RV;2015;33230;30842;57,3;54;13;106
10042;Merzig-Wadern;LK;2015;5654;5624;57,8;57,6;4;39
10043;Neunkirchen;LK;2015;7428;7420;57,5;57,4;0;39
10044;Saarlouis;LK;2015;18105;12444;67,8;53,2;6;68
10045;Saarpfalz-Kreis;LK;2015;7656;7596;50,6;50,2;3;46
10046;St. Wendel;LK;2015;3292;3285;52,5;52,4;0;23
11;Berlin;KfS;2015;569550;559563;43,9;42,9;112;841
12051;Brandenburg an der Havel;KfS;2015;8763;8735;47;46,9;2;47
12052;Cottbus;KfS;2015;10741;10648;52,4;52;5;43
12053;Frankfurt (Oder);KfS;2015;6080;5311;60,5;55,4;1;13
12054;Potsdam;KfS;2015;17425;17208;44,7;44;2;63
12060;Barnim;LK;2015;12119;12085;53;52,8;7;94
12061;Dahme-Spreewald;LK;2015;13692;12331;56,4;51,8;8;99
12062;Elbe-Elster;LK;2015;6305;6295;52,1;52,1;1;51
12063;Havelland;LK;2015;10866;10848;49,8;49,8;4;59
12064;Märkisch-Oderland;LK;2015;12382;12319;54,3;54;1;82
12065;Oberhavel;LK;2015;13023;12939;54,3;54;5;153
12066;Oberspreewald-Lausitz;LK;2015;9566;9549;48;47,9;2;25
12067;Oder-Spree;LK;2015;12899;12410;55,4;54,8;8;52
12068;Ostprignitz-Ruppin;LK;2015;7462;7445;60,3;60,2;2;81
12069;Potsdam-Mittelmark;LK;2015;12851;12809;47,8;47,6;8;90
12070;Prignitz;LK;2015;5035;4999;59,7;59,5;2;53
12071;Spree-Neiße;LK;2015;8097;7982;51,5;50,8;2;59
12072;Teltow-Fläming;LK;2015;11495;11456;53,5;53,4;1;88
12073;Uckermark;LK;2015;9002;8947;57,2;56,9;6;75
13003;Rostock;KfS;2015;20022;19240;57,3;55,6;5;92
13004;Schwerin;KfS;2015;9650;9537;61,9;61,5;2;25
13071;Mecklenburgische Seenplatte;LK;2015;16734;16463;62,7;62,1;3;73
13072;Landkreis Rostock;LK;2015;11403;11354;58,7;58,6;4;89
13073;Vorpommern-Rügen;LK;2015;15032;14908;62,5;62,2;1;79
13074;Nordwestmecklenburg;LK;2015;9966;9889;59,8;59,6;5;111
13075;Vorpommern-Greifswald;LK;2015;16403;16247;55,7;55,2;7;138
13076;Ludwigslust-Parchim;LK;2015;17382;12155;72,9;61,3;2;104
14511;Chemnitz;KfS;2015;27791;22995;64,6;57,4;6;99
14521;Erzgebirgskreis;LK;2015;12811;12573;63,4;62,8;2;88
14522;Mittelsachsen;LK;2015;14704;14652;60,6;60,5;4;124
14523;Vogtlandkreis;LK;2015;13609;12887;63,5;61,5;4;108
14524;Zwickau;LK;2015;17957;17713;58;57,5;7;117
14612;Dresden;KfS;2015;56555;55668;52,7;52;19;138
14625;Bautzen;LK;2015;16016;15944;56,9;56,7;3;169
14626;Görlitz;LK;2015;22963;21463;58,6;55,7;4;119
14627;Meißen;LK;2015;12920;12869;56;55,8;6;59
14628;Sächsische Schweiz-Osterzgebirge;LK;2015;17777;11650;74,3;61,3;4;63
14713;Leipzig;KfS;2015;73614;72694;46;45,3;22;213
14729;Leipzig;LK;2015;15847;15788;51,3;51,2;13;85
14730;Nordsachsen;LK;2015;12212;12114;52,6;52,3;4;47
15001;Dessau-Roßlau;KfS;2015;10036;10016;56,3;56,3;1;55
15002;Halle (Saale);KfS;2015;32885;31708;50,6;48,8;11;81
15003;Magdeburg;KfS;2015;28440;28272;52;51,7;4;58
15081;Altmarkkreis Salzwedel;LK;2015;5031;5019;59,4;59,3;2;78
15082;Anhalt-Bitterfeld;LK;2015;13288;13263;53,5;53,4;6;70
15083;Börde;LK;2015;10209;10194;57,3;57,2;6;60
15084;Burgenlandkreis;LK;2015;14968;14941;58,2;58,2;3;100
15085;Harz;LK;2015;19319;14373;63,4;50,8;8;122
15086;Jerichower Land;LK;2015;6924;6891;58,5;58,3;5;37
15087;Mansfeld-Südharz;LK;2015;10419;10406;58;57,9;4;50
15088;Saalekreis;LK;2015;15024;14982;49,7;49,6;8;53
15089;Salzlandkreis;LK;2015;13034;13006;54,2;54,1;4;81
15090;Stendal;LK;2015;8334;8160;59;58,1;3;61
15091;Wittenberg;LK;2015;9928;9901;53,3;53,1;5;83
16051;Erfurt;KfS;2015;21005;20723;62,7;62,2;7;55
16052;Gera;KfS;2015;9826;9641;65,4;64,8;1;21
16053;Jena;KfS;2015;7046;6943;60;59,4;2;16
16054;Suhl;KfS;2015;3937;2726;75,7;64,9;0;15
16055;Weimar;KfS;2015;6247;6232;56,3;56,2;1;13
16056;Eisenach;KfS;2015;4017;3994;64,7;64,5;0;5
16061;Eichsfeld;LK;2015;4051;4028;64,4;64,2;1;21
16062;Nordhausen;LK;2015;5694;5659;63,8;63,7;5;23
16063;Wartburgkreis;LK;2015;4759;4753;65,1;65;0;39
16064;Unstrut-Hainich-Kreis;LK;2015;5814;5802;67,5;67,4;2;45
16065;Kyffhäuserkreis;LK;2015;4287;4282;66;66;2;29
16066;Schmalkalden-Meiningen;LK;2015;6222;6147;68,8;68,4;3;62
16067;Gotha;LK;2015;7945;7821;64,1;63,6;3;45
16068;Sömmerda;LK;2015;3622;3619;64,3;64,3;4;11
16069;Hildburghausen;LK;2015;2735;2727;70,4;70,3;0;34
16070;Ilm-Kreis;LK;2015;6284;6259;60,5;60,3;2;42
16071;Weimarer Land;LK;2015;3975;3967;63,7;63,7;0;15
16072;Sonneberg;LK;2015;3208;3203;71,6;71,6;1;13
16073;Saalfeld-Rudolstadt;LK;2015;6596;6460;69,5;68,9;3;42
16074;Saale-Holzland-Kreis;LK;2015;4561;4480;63,3;62,6;0;11
16075;Saale-Orla-Kreis;LK;2015;4719;4691;66,6;66,4;0;21
16076;Greiz;LK;2015;4866;4844;66,5;66,4;2;14
16077;Altenburger Land;LK;2015;7399;7359;63,4;63,2;1;22
01001;Flensburg;KfS;2014;9754;9139;55,9;52,9;4;43
01002;Kiel;KfS;2014;24380;24226;46,7;46,4;6;61
01003;Lübeck;KfS;2014;24907;24603;51,9;51,3;6;75
01004;Neumünster;KfS;2014;13078;9102;68;54,1;1;13
01051;Dithmarschen;K;2014;7189;7184;51,5;51,4;2;56
01053;Herzogtum Lauenburg;K;2014;10774;10730;50,5;50,3;0;71
01054;Nordfriesland;K;2014;9190;9155;51,5;51,3;7;35
01055;Ostholstein;K;2014;14109;13316;50,4;47,4;4;107
01056;Pinneberg;K;2014;20355;20304;47,7;47,6;7;74
01057;Plön;K;2014;6353;6347;48,2;48,2;1;18
01058;Rendsburg-Eckernförde;K;2014;15047;14966;54;53,8;3;78
01059;Schleswig-Flensburg;K;2014;10118;8502;60,3;52,8;2;41
01060;Segeberg;K;2014;15823;15791;45,9;45,8;7;89
01061;Steinburg;K;2014;7805;7797;50,7;50,7;3;39
01062;Stormarn;K;2014;13419;13367;43;42,8;6;84
02;Hamburg;KfS;2014;239541;235301;43,8;42,8;47;416
03101;Braunschweig;KfS;2014;25074;24634;59,9;59,2;11;57
03102;Salzgitter;KfS;2014;6510;6495;61,1;61;6;25
03103;Wolfsburg;KfS;2014;8844;8794;56,7;56,5;11;25
03151;Gifhorn;LK;2014;7749;7736;60,6;60,6;3;54
03152;Göttingen;LK;2014;20772;18373;63,5;58,8;44;38
03153;Goslar;LK;2014;10025;9979;64,9;64,7;11;39
03154;Helmstedt;LK;2014;6052;6018;62,4;62,1;3;25
03155;Northeim;LK;2014;6986;6964;66,4;66,3;8;37
03156;Osterode am Harz;LK;2014;4241;4232;69,3;69,2;2;19
03157;Peine;LK;2014;6660;6570;58,8;58,2;1;32
03158;Wolfenbüttel;LK;2014;5154;5139;61,3;61,1;1;23
03159;Göttingen, Landkreis;LK;2014;25013;22605;64,5;60,7;46;57
03241;Region Hannover;LK;2014;116719;114846;60,6;60;29;231
03251;Diepholz;LK;2014;12149;12130;59,6;59,5;8;78
03252;Hameln-Pyrmont;LK;2014;9677;9626;67,8;67,6;2;43
03254;Hildesheim;LK;2014;17375;17310;61,6;61,4;5;48
03255;Holzminden;LK;2014;3667;3655;68,7;68,6;3;13
03256;Nienburg (Weser);LK;2014;6646;6629;57,1;57;7;23
03257;Schaumburg;LK;2014;10419;10353;64,6;64,4;1;28
03351;Celle;LK;2014;11807;11791;65,8;65,8;11;50
03352;Cuxhaven;LK;2014;10663;10638;59,7;59,6;4;60
03353;Harburg;LK;2014;13532;13402;58,3;57,9;12;57
03354;Lüchow-Dannenberg;LK;2014;2348;2339;61,7;61,5;2;22
03355;Lüneburg;LK;2014;12038;11984;55,9;55,7;6;43
03356;Osterholz;LK;2014;5752;5749;59,9;59,8;4;23
03357;Rotenburg (Wümme);LK;2014;10185;10143;61,2;61;1;62
03358;Landkreis Heidekreis;LK;2014;10815;10733;64,8;64,6;9;52
03359;Stade;LK;2014;12112;12064;61,8;61,7;3;50
03360;Uelzen;LK;2014;5274;5240;60,6;60,3;3;30
03361;Verden;LK;2014;8884;8839;64,5;64,3;6;43
03401;Delmenhorst;KfS;2014;6528;6517;59,9;59,8;6;23
03402;Emden;KfS;2014;4321;4306;53;52,8;1;16
03403;Oldenburg (Oldenburg);KfS;2014;14124;14045;54,8;54,6;6;40
03404;Osnabrück;KfS;2014;19145;18979;57,5;57,1;10;49
03405;Wilhelmshaven;KfS;2014;9353;9335;62,1;62;2;18
03451;Ammerland;LK;2014;5448;5439;58,3;58,2;1;17
03452;Aurich;LK;2014;10958;10931;64,2;64,1;5;110
03453;Cloppenburg;LK;2014;8153;8125;61,5;61,4;5;23
03454;Emsland;LK;2014;18148;18088;60,4;60,2;8;73
03455;Friesland;LK;2014;5856;5846;62,5;62,4;2;21
03456;Grafschaft Bentheim;LK;2014;9149;8675;62,9;60,9;4;43
03457;Leer;LK;2014;9631;9298;63,5;62,2;2;47
03458;Oldenburg;LK;2014;6686;6646;57,8;57,7;4;28
03459;Osnabrück;LK;2014;17008;16874;57,4;57;7;71
03460;Vechta;LK;2014;8096;8056;52,1;51,9;3;22
03461;Wesermarsch;LK;2014;5256;5243;61,3;61,2;3;15
03462;Wittmund;LK;2014;3228;3221;66,1;66;1;24
04011;Bremen;KfS;2014;70781;69531;45,3;44,4;14;129
04012;Bremerhaven;KfS;2014;12819;12777;48,4;48,2;12;40
05111;Düsseldorf;KfS;2014;86071;83239;42,3;40,3;17;107
05112;Duisburg;KfS;2014;50482;50230;53,9;53,7;8;95
05113;Essen;KfS;2014;62283;62101;50;49,8;18;192
05114;Krefeld;KfS;2014;23290;23261;56;55,9;9;47
05116;Mönchengladbach;KfS;2014;22409;22312;51,4;51,2;5;44
05117;Mülheim an der Ruhr;KfS;2014;13570;13554;51,4;51,3;1;65
05119;Oberhausen;KfS;2014;18938;18859;56,5;56,3;6;32
05120;Remscheid;KfS;2014;7888;7884;55,8;55,8;1;16
05122;Solingen;KfS;2014;11995;11986;47,4;47,4;6;14
05124;Wuppertal;KfS;2014;33637;33527;54,3;54,2;7;49
05154;Kleve;K;2014;22873;21154;57,4;54,1;9;37
05158;Mettmann;K;2014;33465;33409;53;52,9;6;75
05162;Rhein-Kreis Neuss;K;2014;32201;32145;50,8;50,8;10;56
05166;Viersen;K;2014;18481;18310;54,4;54;7;48
05170;Wesel;K;2014;31423;31364;49,9;49,8;2;76
05314;Bonn;KfS;2014;35781;35516;47,3;46,9;11;69
05315;Köln;KfS;2014;157113;153254;43,4;42;25;232
05316;Leverkusen;KfS;2014;14786;14728;44;43,7;3;20
05334;Aachen;K;2014;53428;50352;50,4;47,4;17;137
05358;Düren;K;2014;18134;18064;53,2;53;7;85
05362;Rhein-Erft-Kreis;K;2014;36270;36207;47,6;47,5;5;105
05366;Euskirchen;K;2014;11161;11129;54,6;54,5;3;40
05370;Heinsberg;K;2014;17539;17512;51,5;51,4;4;50
05374;Oberbergischer Kreis;K;2014;13470;13458;55,9;55,9;7;70
05378;Rheinisch-Bergischer Kreis;K;2014;15189;15160;46,5;46,4;1;60
05382;Rhein-Sieg-Kreis;K;2014;34970;34851;47;46,9;9;89
05512;Bottrop;KfS;2014;9171;9163;49,6;49,6;0;24
05513;Gelsenkirchen;KfS;2014;25950;25921;45,5;45,4;7;39
05515;Münster;KfS;2014;30505;30096;43,1;42,3;7;37
05554;Borken;K;2014;24619;24563;48,3;48,2;6;129
05558;Coesfeld;K;2014;12729;12716;47,9;47,9;4;24
05562;Recklinghausen;K;2014;50783;50734;51,1;51;16;126
05566;Steinfurt;K;2014;26428;26350;50,3;50,2;10;57
05570;Warendorf;K;2014;14596;14550;53,5;53,4;1;56
05711;Bielefeld;KfS;2014;27942;27466;57,9;57,2;10;80
05754;Gütersloh;K;2014;18253;18195;51;50,9;4;41
05758;Herford;K;2014;13152;13131;53,2;53,1;7;35
05762;Höxter;K;2014;7052;7032;60,1;60;3;22
05766;Lippe;K;2014;14294;14272;57,6;57,5;13;79
05770;Minden-Lübbecke;K;2014;17091;16985;53,7;53,4;5;36
05774;Paderborn;K;2014;18703;18612;51,4;51,2;5;80
05911;Bochum;KfS;2014;36920;36775;51;50,8;5;65
05913;Dortmund;KfS;2014;86549;84967;50,3;49,3;14;127
05914;Hagen;KfS;2014;16148;16069;56,4;56,2;3;28
05915;Hamm;KfS;2014;15152;14895;50,3;49,5;4;29
05916;Herne;KfS;2014;14175;14154;48,8;48,8;2;30
05954;Ennepe-Ruhr-Kreis;K;2014;20690;20643;54,7;54,6;4;56
05958;Hochsauerlandkreis;K;2014;13212;13172;52,9;52,8;1;88
05962;Märkischer Kreis;K;2014;25825;25801;52,8;52,8;6;107
05966;Olpe;K;2014;6861;6831;60,6;60,4;0;42
05970;Siegen-Wittgenstein;K;2014;16991;16920;60,6;60,4;4;50
05974;Soest;K;2014;18738;18689;54,8;54,7;6;122
05978;Unna;K;2014;28501;28457;48,9;48,8;4;134
06411;Darmstadt;KfS;2014;11008;10888;62;61,6;5;53
06412;Frankfurt am Main;KfS;2014;118796;102126;60,9;54,6;29;265
06413;Offenbach am Main;KfS;2014;12709;12482;62,5;61,8;7;28
06414;Wiesbaden;KfS;2014;23742;23531;56,2;55,8;18;47
06431;Bergstraße;LK;2014;9873;9828;58,1;58;5;39
06432;Darmstadt-Dieburg;LK;2014;9472;9407;58,1;57,8;5;27
06433;Groß-Gerau;LK;2014;10476;10404;64;63,7;10;62
06434;Hochtaunuskreis;LK;2014;11853;11787;55,5;55,2;14;34
06435;Main-Kinzig-Kreis;LK;2014;18639;18081;57,8;56,5;10;113
06436;Main-Taunus-Kreis;LK;2014;11084;11004;57,4;57,1;10;16
06437;Odenwaldkreis;LK;2014;2463;2457;67,8;67,8;2;31
06438;Offenbach;LK;2014;16219;16028;55,2;54,6;11;59
06439;Rheingau-Taunus-Kreis;LK;2014;6110;6069;60,3;60,1;3;23
06440;Wetteraukreis;LK;2014;12853;12780;56,5;56,2;9;66
06531;Gießen;LK;2014;21166;13778;70,9;55,4;19;74
06532;Lahn-Dill-Kreis;LK;2014;9367;9315;62,1;61,8;29;49
06533;Limburg-Weilburg;LK;2014;8436;8366;60,5;60,2;17;34
06534;Marburg-Biedenkopf;LK;2014;10009;9978;60,2;60,1;10;40
06535;Vogelsbergkreis;LK;2014;3746;3736;63,1;63;2;40
06611;Kassel;KfS;2014;21009;20564;54,4;53,4;7;59
06631;Fulda;LK;2014;9567;9356;62,3;61,5;5;54
06632;Hersfeld-Rotenburg;LK;2014;5883;5830;62,6;62,2;6;34
06633;Kassel;LK;2014;8200;8174;51,2;51,1;3;38
06634;Schwalm-Eder-Kreis;LK;2014;7536;7512;58,2;58,1;5;52
06635;Waldeck-Frankenberg;LK;2014;6393;6376;54,8;54,7;10;47
06636;Werra-Meißner-Kreis;LK;2014;4929;4887;60,9;60,6;3;36
07111;Koblenz;KfS;2014;11356;11218;55,5;55;2;27
07131;Ahrweiler;LK;2014;10197;10174;54,5;54,4;2;48
07132;Altenkirchen (Westerwald);LK;2014;7943;7932;69,3;69,3;1;35
07133;Bad Kreuznach;LK;2014;10818;10762;65,5;65,3;5;53
07134;Birkenfeld;LK;2014;4134;4125;63,7;63,6;1;26
07135;Cochem-Zell;LK;2014;2676;2667;60,8;60,6;0;22
07137;Mayen-Koblenz;LK;2014;10434;10396;59,6;59,4;4;52
07138;Neuwied;LK;2014;11479;11446;61,3;61,2;2;82
07140;Rhein-Hunsrück-Kreis;LK;2014;4881;4644;61,2;59,2;3;19
07141;Rhein-Lahn-Kreis;LK;2014;5635;5632;66,3;66,3;1;31
07143;Westerwaldkreis;LK;2014;9241;9228;60,6;60,5;1;30
07211;Trier;KfS;2014;16182;9694;73,7;56,2;4;20
07231;Bernkastel-Wittlich;LK;2014;5345;5340;66,8;66,8;0;33
07232;Eifelkreis Bitburg-Prüm;LK;2014;4107;4002;64,3;63,4;1;33
07233;Vulkaneifel;LK;2014;2902;2891;67,1;67;1;19
07235;Trier-Saarburg;LK;2014;5197;5081;61,8;61;0;27
07311;Frankenthal (Pfalz);KfS;2014;3996;3984;60,2;60,1;2;15
07312;Kaiserslautern;KfS;2014;12098;12026;63,7;63,5;8;20
07313;Landau in der Pfalz;KfS;2014;4185;4164;58,6;58,4;1;13
07314;Ludwigshafen am Rhein;KfS;2014;18154;18056;62,6;62,4;5;35
07315;Mainz;KfS;2014;20543;20395;62,5;62,2;11;31
07316;Neustadt an der Weinstraße;KfS;2014;3977;3928;62,7;62,3;0;3
07317;Pirmasens;KfS;2014;3977;3970;69,9;69,8;1;13
07318;Speyer;KfS;2014;4730;4723;53,6;53,5;2;13
07319;Worms;KfS;2014;7374;7351;56,9;56,8;3;17
07320;Zweibrücken;KfS;2014;2442;2433;62;61,9;0;16
07331;Alzey-Worms;LK;2014;5652;5637;62,8;62,7;1;27
07332;Bad Dürkheim;LK;2014;7300;7272;54,2;54;0;36
07333;Donnersbergkreis;LK;2014;3677;3674;64,8;64,7;3;28
07334;Germersheim;LK;2014;8023;7967;65,6;65,3;2;45
07335;Kaiserslautern;LK;2014;5302;5279;57,3;57,2;1;37
07336;Kusel;LK;2014;3413;3405;60,7;60,6;0;18
07337;Südliche Weinstraße;LK;2014;5182;5175;62,9;62,8;1;35
07338;Rhein-Pfalz-Kreis;LK;2014;7084;7067;55,6;55,5;1;35
07339;Mainz-Bingen;LK;2014;10185;10140;60;59,8;6;60
07340;Südwestpfalz;LK;2014;3300;3299;61,8;61,8;1;37
08111;Stuttgart;SK;2014;61576;59549;62,2;61,2;35;116
08115;Böblingen;LK;2014;16588;16497;60,6;60,4;6;53
08116;Esslingen;LK;2014;23108;22043;57,7;55,6;21;82
08117;Göppingen;LK;2014;9553;9499;61,8;61,6;3;38
08118;Ludwigsburg;LK;2014;24134;24055;56,8;56,6;13;84
08119;Rems-Murr-Kreis;LK;2014;20615;20514;59,3;59,1;21;78
08121;Heilbronn;SK;2014;8990;8939;57,9;57,7;4;19
08125;Heilbronn;LK;2014;12491;12431;51,2;51;6;55
08126;Hohenlohekreis;LK;2014;4690;4669;56,3;56,1;2;15
08127;Schwäbisch Hall;LK;2014;6970;6926;60,3;60,1;3;26
08128;Main-Tauber-Kreis;LK;2014;5223;5218;55,6;55,5;2;24
08135;Heidenheim;LK;2014;5621;5606;61;60,9;4;42
08136;Ostalbkreis;LK;2014;11462;11359;59,5;59,1;9;73
08211;Baden-Baden;SK;2014;4243;4198;63,4;63,1;0;14
08212;Karlsruhe;SK;2014;30867;30243;56;55,1;10;48
08215;Karlsruhe;LK;2014;17462;17392;54,8;54,6;7;57
08216;Rastatt;LK;2014;11220;11108;60,3;60;4;51
08221;Heidelberg;SK;2014;13085;13004;53,4;53,2;3;23
08222;Mannheim;SK;2014;31703;31319;56;55,5;9;65
08225;Neckar-Odenwald-Kreis;LK;2014;4755;4739;63,6;63,5;6;20
08226;Rhein-Neckar-Kreis;LK;2014;23545;23275;53,9;53,4;5;74
08231;Pforzheim;SK;2014;9846;9824;60,9;60,8;3;18
08235;Calw;LK;2014;5259;5238;65,4;65,2;3;35
08236;Enzkreis;LK;2014;5993;5960;54,1;53,8;0;29
08237;Freudenstadt;LK;2014;4139;4114;65,4;65,2;1;17
08311;Freiburg im Breisgau;SK;2014;27297;26745;54,5;53,6;7;44
08315;Breisgau-Hochschwarzwald;LK;2014;13284;13070;52,4;51,7;4;65
08316;Emmendingen;LK;2014;6605;6578;58,1;57,9;3;28
08317;Ortenaukreis;LK;2014;28513;25242;61,1;56,1;3;79
08325;Rottweil;LK;2014;4678;4662;61,2;61,1;1;16
08326;Schwarzwald-Baar-Kreis;LK;2014;8501;8455;60;59,8;5;27
08327;Tuttlingen;LK;2014;5601;5582;60,1;59,9;1;22
08335;Konstanz;LK;2014;17820;16664;59,5;56,8;5;73
08336;Lörrach;LK;2014;19226;17173;65,3;61,2;2;41
08337;Waldshut;LK;2014;7321;7241;61,1;60,7;5;36
08415;Reutlingen;LK;2014;12976;12903;60,6;60,4;12;54
08416;Tübingen;LK;2014;9341;9329;56,5;56,5;6;29
08417;Zollernalbkreis;LK;2014;6911;6893;65,2;65,2;5;55
08421;Ulm;SK;2014;10762;10294;64,2;62,6;4;28
08425;Alb-Donau-Kreis;LK;2014;5467;5435;63,1;62,8;1;21
08426;Biberach;LK;2014;6736;6719;60,5;60,4;2;27
08435;Bodenseekreis;LK;2014;9063;8970;59,3;58,9;3;42
08436;Ravensburg;LK;2014;14959;14537;64,4;63,3;5;63
08437;Sigmaringen;LK;2014;4963;4959;61,2;61,1;2;23
09161;Ingolstadt;KfS;2014;9717;9597;65,1;64,6;10;20
09162;München;KfS;2014;110208;96507;63,9;58,8;26;109
09163;Rosenheim;KfS;2014;5741;5584;68,1;67,2;5;20
09171;Altötting;LK;2014;4786;4728;60,4;60;6;14
09172;Berchtesgadener Land;LK;2014;8901;4850;81,3;65,7;0;25
09173;Bad Tölz-Wolfratshausen;LK;2014;4057;4045;65,9;65,8;4;25
09174;Dachau;LK;2014;5342;5107;59,9;58,1;6;14
09175;Ebersberg;LK;2014;4519;4499;57,4;57,3;3;22
09176;Eichstätt;LK;2014;2895;2873;65,4;65,1;2;21
09177;Erding;LK;2014;5716;5657;63;62,6;5;22
09178;Freising;LK;2014;10613;7252;72,1;59,3;5;13
09179;Fürstenfeldbruck;LK;2014;7432;7384;58,4;58,1;1;37
09180;Garmisch-Partenkirchen;LK;2014;4017;3634;65,8;62,2;3;12
09181;Landsberg am Lech;LK;2014;3924;3914;59,5;59,4;4;19
09182;Miesbach;LK;2014;3647;3530;63,3;62,1;3;26
09183;Mühldorf a.Inn;LK;2014;4205;4185;66,2;66,1;4;13
09184;München;LK;2014;12218;11998;52,2;51,3;4;26
09185;Neuburg-Schrobenhausen;LK;2014;3600;3544;66,7;66,1;3;22
09186;Pfaffenhofen a.d.Ilm;LK;2014;4622;4604;65,4;65,3;5;17
09187;Rosenheim;LK;2014;16800;9499;81;66,4;7;32
09188;Starnberg;LK;2014;4357;4326;57,7;57,4;3;21
09189;Traunstein;LK;2014;7075;6768;64,5;62,9;4;39
09190;Weilheim-Schongau;LK;2014;4767;4752;60,1;60;2;18
09261;Landshut;KfS;2014;6950;6813;63,7;63;2;18
09262;Passau;KfS;2014;5397;4501;67,5;61,1;9;10
09263;Straubing;KfS;2014;3786;3754;60,4;60;9;5
09271;Deggendorf;LK;2014;5922;5797;66,4;65,8;9;24
09272;Freyung-Grafenau;LK;2014;2061;2030;73,7;73,3;4;8
09273;Kelheim;LK;2014;3938;3928;62,6;62,5;5;14
09274;Landshut;LK;2014;4546;4511;66,3;66;3;20
09275;Passau;LK;2014;7029;5269;74,7;66,3;7;25
09276;Regen;LK;2014;2303;2277;70,6;70,2;0;11
09277;Rottal-Inn;LK;2014;3405;3319;62,2;61,2;2;9
09278;Straubing-Bogen;LK;2014;2719;2626;65,5;64,3;4;15
09279;Dingolfing-Landau;LK;2014;3086;3065;62,6;62,3;5;11
09361;Amberg;KfS;2014;3073;3044;65,3;64,9;0;12
09362;Regensburg;KfS;2014;14012;13741;58,1;57,3;4;22
09363;Weiden i.d.OPf.;KfS;2014;3652;3565;64,4;63,5;1;2
09371;Amberg-Sulzbach;LK;2014;2964;2891;63,4;62,5;1;8
09372;Cham;LK;2014;4730;4322;72,3;69,7;1;13
09373;Neumarkt i.d.OPf.;LK;2014;3783;3711;62,8;62;3;9
09374;Neustadt a.d.Waldnaab;LK;2014;3595;3105;76,3;72,6;1;9
09375;Regensburg;LK;2014;5139;5040;63,4;62,7;0;17
09376;Schwandorf;LK;2014;5110;5067;67,3;67;0;19
09377;Tirschenreuth;LK;2014;2571;2472;73,2;72,1;2;6
09461;Bamberg;KfS;2014;5744;5671;62,8;62,3;4;17
09462;Bayreuth;KfS;2014;5198;5128;64,8;64,4;8;13
09463;Coburg;KfS;2014;3746;3728;70,1;70;11;9
09464;Hof;KfS;2014;4713;4583;66,1;65,2;6;15
09471;Bamberg;LK;2014;4153;4114;68,4;68,1;2;15
09472;Bayreuth;LK;2014;2985;2917;72,7;72,1;2;20
09473;Coburg;LK;2014;2814;2811;70,1;70;9;12
09474;Forchheim;LK;2014;3471;3440;71,5;71,3;3;7
09475;Hof;LK;2014;4522;4188;74,8;72,8;1;14
09476;Kronach;LK;2014;2454;2453;72,5;72,5;7;16
09477;Kulmbach;LK;2014;2943;2927;75,1;75;2;13
09478;Lichtenfels;LK;2014;3143;3120;72,1;71,9;8;24
09479;Wunsiedel i.Fichtelgebirge;LK;2014;4776;4621;74,7;73,8;6;20
09561;Ansbach;KfS;2014;2993;2957;69,7;69,4;0;12
09562;Erlangen;KfS;2014;6662;6545;62,7;62,1;1;14
09563;Fürth;KfS;2014;6309;6257;67,5;67,3;0;11
09564;Nürnberg;KfS;2014;46079;44928;62,3;61,3;26;50
09565;Schwabach;KfS;2014;1825;1804;59,1;58,6;0;5
09571;Ansbach;LK;2014;5652;5620;63,2;63;0;12
09572;Erlangen-Höchstadt;LK;2014;3808;3727;66,4;65,7;2;11
09573;Fürth;LK;2014;3360;3040;67,8;64,5;6;22
09574;Nürnberger Land;LK;2014;6431;6244;65;64;5;26
09575;Neustadt a.d.Aisch-Bad Windsheim;LK;2014;3148;3130;67,9;67,8;4;18
09576;Roth;LK;2014;3867;3817;57,4;56,8;2;15
09577;Weißenburg-Gunzenhausen;LK;2014;3537;3502;74,9;74,6;5;16
09661;Aschaffenburg;KfS;2014;5699;5531;71,7;70,9;8;8
09662;Schweinfurt;KfS;2014;4834;4780;69,4;69,1;6;7
09663;Würzburg;KfS;2014;11426;10120;70,5;66,7;2;10
09671;Aschaffenburg;LK;2014;4863;4718;65,4;64,3;6;17
09672;Bad Kissingen;LK;2014;3918;3890;66,3;66;1;13
09673;Rhön-Grabfeld;LK;2014;2639;2625;71,3;71,1;2;11
09674;Haßberge;LK;2014;2928;2921;68,2;68,1;0;7
09675;Kitzingen;LK;2014;3487;3400;64;63,1;1;11
09676;Miltenberg;LK;2014;4157;4120;71,7;71,5;5;6
09677;Main-Spessart;LK;2014;3772;3726;70,5;70,2;5;24
09678;Schweinfurt;LK;2014;2889;2853;64,9;64,5;4;16
09679;Würzburg;LK;2014;4082;3948;64,9;63,7;1;13
09761;Augsburg;KfS;2014;23188;22676;69;68,4;12;33
09762;Kaufbeuren;KfS;2014;2793;2781;68;67,8;5;3
09763;Kempten (Allgäu);KfS;2014;4430;4178;71,4;69,8;4;6
09764;Memmingen;KfS;2014;3072;2986;67;66,1;1;9
09771;Aichach-Friedberg;LK;2014;3637;3562;62,3;61,5;2;10
09772;Augsburg;LK;2014;7975;7931;65,3;65,1;0;12
09773;Dillingen a.d.Donau;LK;2014;2928;2917;66,8;66,7;1;19
09774;Günzburg;LK;2014;5190;4870;67,2;65;7;18
09775;Neu-Ulm;LK;2014;7659;7545;64,7;64,1;9;18
09776;Lindau (Bodensee);LK;2014;3609;3151;70;65,7;0;15
09777;Ostallgäu;LK;2014;4445;3823;74,3;70,3;0;17
09778;Unterallgäu;LK;2014;3925;3814;67,1;66,1;1;22
09779;Donau-Ries;LK;2014;4124;4094;66;65,7;1;24
09780;Oberallgäu;LK;2014;4758;4677;68,7;68,2;2;20
10041;Regionalverband Saarbrücken;RV;2014;34154;31807;54,9;51,6;11;88
10042;Merzig-Wadern;LK;2014;5495;5482;52,8;52,7;2;33
10043;Neunkirchen;LK;2014;8117;8110;57;57;2;25
10044;Saarlouis;LK;2014;14334;13034;54,4;49,8;1;75
10045;Saarpfalz-Kreis;LK;2014;8824;8783;49,5;49,2;1;44
10046;St. Wendel;LK;2014;3633;3628;48,9;48,8;1;13
11;Berlin;KfS;2014;543157;535615;44,9;44,2;131;917
12051;Brandenburg an der Havel;KfS;2014;7617;7611;55,3;55,2;2;31
12052;Cottbus;KfS;2014;11717;11679;49,5;49,3;2;47
12053;Frankfurt (Oder);KfS;2014;6112;5457;62,4;58,1;1;16
12054;Potsdam;KfS;2014;15093;15060;49,3;49,2;0;52
12060;Barnim;LK;2014;12589;12542;53,2;53,1;2;62
12061;Dahme-Spreewald;LK;2014;14732;13746;52,6;49,6;5;83
12062;Elbe-Elster;LK;2014;6944;6928;52,5;52,4;1;102
12063;Havelland;LK;2014;11122;11110;50,2;50,2;3;55
12064;Märkisch-Oderland;LK;2014;14010;13954;58,7;58,6;8;90
12065;Oberhavel;LK;2014;15206;15069;54,7;54,2;3;122
12066;Oberspreewald-Lausitz;LK;2014;10727;10704;48,1;48;1;41
12067;Oder-Spree;LK;2014;12708;12475;51,1;50,3;3;70
12068;Ostprignitz-Ruppin;LK;2014;7859;7839;60,5;60,4;7;93
12069;Potsdam-Mittelmark;LK;2014;12104;12088;46,8;46,8;3;79
12070;Prignitz;LK;2014;6423;6386;55,3;55,1;1;45
12071;Spree-Neiße;LK;2014;10275;10220;42,2;41,9;1;35
12072;Teltow-Fläming;LK;2014;11336;11314;54,8;54,7;3;59
12073;Uckermark;LK;2014;9047;9009;54,7;54,5;3;64
13003;Rostock;KfS;2014;20055;19438;59,4;58,1;10;89
13004;Schwerin;KfS;2014;10969;10932;63,1;63;4;31
13071;Mecklenburgische Seenplatte;LK;2014;16859;16765;63,5;63,4;5;106
13072;Landkreis Rostock;LK;2014;11815;11774;62,1;62;3;90
13073;Vorpommern-Rügen;LK;2014;15949;15876;62,2;62,1;2;111
13074;Nordwestmecklenburg;LK;2014;10374;10359;59,3;59,2;4;102
13075;Vorpommern-Greifswald;LK;2014;17361;17239;54,9;54,6;9;104
13076;Ludwigslust-Parchim;LK;2014;12484;12124;61;59,8;1;99
14511;Chemnitz;KfS;2014;25560;22973;62,8;58,8;8;114
14521;Erzgebirgskreis;LK;2014;13198;13112;62;61,8;3;102
14522;Mittelsachsen;LK;2014;15202;15130;61,4;61,2;6;136
14523;Vogtlandkreis;LK;2014;13947;13847;61,5;61,2;3;91
14524;Zwickau;LK;2014;18906;18842;57,9;57,7;6;122
14612;Dresden;KfS;2014;61295;60752;51,4;51;10;142
14625;Bautzen;LK;2014;16815;16764;58,1;58;6;120
14626;Görlitz;LK;2014;24212;22914;58,2;55,8;5;107
14627;Meißen;LK;2014;13195;13145;59,4;59,2;5;69
14628;Sächsische Schweiz-Osterzgebirge;LK;2014;15760;13164;66,1;59,5;1;52
14713;Leipzig;KfS;2014;79235;78726;46,5;46,1;15;195
14729;Leipzig;LK;2014;17305;17233;52,7;52,5;6;95
14730;Nordsachsen;LK;2014;12447;12390;52,6;52,3;4;56
15001;Dessau-Roßlau;KfS;2014;10334;10322;55,6;55,5;2;74
15002;Halle (Saale);KfS;2014;27621;27558;52,9;52,8;15;76
15003;Magdeburg;KfS;2014;30802;30697;54,4;54,2;5;71
15081;Altmarkkreis Salzwedel;LK;2014;4889;4883;57,5;57,5;1;56
15082;Anhalt-Bitterfeld;LK;2014;13213;13158;54,9;54,7;9;45
15083;Börde;LK;2014;11393;11374;63,4;63,3;7;79
15084;Burgenlandkreis;LK;2014;14398;14384;59,1;59;3;54
15085;Harz;LK;2014;18556;16194;62;56,5;2;112
15086;Jerichower Land;LK;2014;6625;6613;58,8;58,7;2;42
15087;Mansfeld-Südharz;LK;2014;10285;10273;62,4;62,4;2;52
15088;Saalekreis;LK;2014;14836;14803;56,3;56,2;6;84
15089;Salzlandkreis;LK;2014;12576;12563;57,1;57,1;9;81
15090;Stendal;LK;2014;8458;8417;57,9;57,7;1;50
15091;Wittenberg;LK;2014;10234;10199;57,9;57,8;3;73
16051;Erfurt;KfS;2014;21203;21073;64,4;64,2;4;48
16052;Gera;KfS;2014;10128;10110;69,5;69,4;6;34
16053;Jena;KfS;2014;7471;7437;59,8;59,7;1;23
16054;Suhl;KfS;2014;2686;2685;64,6;64,5;3;13
16055;Weimar;KfS;2014;5904;5890;58,3;58,2;1;11
16056;Eisenach;KfS;2014;3676;3672;67,3;67,3;1;23
16061;Eichsfeld;LK;2014;3874;3849;58,8;58,6;1;22
16062;Nordhausen;LK;2014;5974;5937;63,6;63,4;2;28
16063;Wartburgkreis;LK;2014;4731;4726;64,5;64,5;1;41
16064;Unstrut-Hainich-Kreis;LK;2014;5608;5606;65,9;65,9;4;34
16065;Kyffhäuserkreis;LK;2014;4423;4416;69,4;69,4;0;22
16066;Schmalkalden-Meiningen;LK;2014;6240;6235;68,3;68,3;1;31
16067;Gotha;LK;2014;7917;7908;62,8;62,7;1;76
16068;Sömmerda;LK;2014;3626;3608;61,5;61,3;0;16
16069;Hildburghausen;LK;2014;2825;2824;72,1;72,1;2;26
16070;Ilm-Kreis;LK;2014;6473;6459;54,5;54,5;1;50
16071;Weimarer Land;LK;2014;4424;4421;65,2;65,2;0;23
16072;Sonneberg;LK;2014;2932;2927;67,2;67,1;1;18
16073;Saalfeld-Rudolstadt;LK;2014;7241;7206;68,3;68,1;1;32
16074;Saale-Holzland-Kreis;LK;2014;4075;4006;66,5;66;1;22
16075;Saale-Orla-Kreis;LK;2014;5491;5477;65;64,9;3;45
16076;Greiz;LK;2014;5251;5242;66,1;66;4;35
16077;Altenburger Land;LK;2014;8675;8665;59,8;59,8;0;19