key;wahlberechtigte;wähler_14;ungültige_14;gültige_14;cdu_14;spd_14;grüne_14;fdp_14;die linke_14;csu_14;freie wähler_14;rep_14;tierschutzpartei_14;familie_14;piraten_14;ödp_14;pbc_14;volksabstimmung_14;bp_14;cm_14;auf_14;dkp_14;büso_14;psg_14;afd_14;pro nrw_14;mlpd_14;npd_14;die partei_14
1001;70929;25350;176;25174;6446;8161;4380;764;1911;0;103;28;382;181;497;85;69;61;6;10;34;21;8;6;1583;11;13;113;301
1002;188135;75741;405;75336;17477;25918;14305;2651;4863;0;210;57;1121;333;1835;210;94;152;20;24;76;87;10;22;4418;22;49;328;1054
1003;167198;62933;424;62509;17141;21356;9556;1953;3747;0;551;66;735;345;1264;164;67;124;19;29;65;39;11;18;4334;18;48;359;500
1004;60970;27659;409;27250;8948;9680;2432;829;1278;0;120;31;388;338;483;35;72;77;6;34;32;16;7;6;1960;9;14;341;114
1051;107804;42819;469;42350;17958;12381;3432;1734;1775;0;292;46;574;403;571;84;33;97;15;17;41;22;6;10;2325;25;22;263;224
1053;150105;69625;588;69037;23887;21663;8232;2747;2996;0;328;87;932;605;951;160;80;122;27;21;75;29;10;14;5182;19;21;520;329
1054;130887;53913;419;53494;21081;16215;5968;2044;2036;0;241;38;702;455;760;104;61;105;25;21;60;22;9;15;3038;18;25;226;225
1055;165120;70141;618;69523;25452;22636;6949;2815;2407;0;422;64;854;589;752;117;87;146;34;40;63;23;7;11;5439;21;18;321;256
1056;236519;108214;784;107430;36411;34766;13327;4288;4795;0;466;107;1257;710;1554;237;164;203;46;63;101;97;11;23;7628;31;29;590;526
1057;104325;48942;374;48568;16996;15663;6238;1750;1793;0;235;31;735;350;591;80;51;76;12;26;51;26;6;11;3390;8;6;217;226
1058;216954;99710;765;98945;36318;31266;11936;3652;3566;0;399;68;1463;691;1363;188;89;184;22;29;104;50;13;20;6678;37;29;341;439
1059;156854;66056;519;65537;25375;19876;7527;2045;2581;0;501;60;873;574;828;120;41;133;19;22;86;28;10;18;4273;16;17;225;289
1060;209166;88572;606;87966;32123;27786;9282;3236;3651;0;460;86;1159;811;1360;187;120;201;22;51;83;38;15;15;6364;27;25;457;407
1061;105504;44391;382;44009;16692;12986;4549;1981;2100;0;374;50;508;428;767;83;62;96;20;20;74;25;6;8;2563;11;5;311;290
1062;186619;94016;759;93257;31816;29581;12132;3905;3803;0;370;89;1152;669;1214;205;114;143;37;33;89;43;13;24;6934;29;10;384;468
2;1283323;558277;5406;552871;135780;186638;95169;20513;47630;0;1641;353;5443;1524;12284;1910;504;891;122;201;398;567;138;99;33239;233;261;2250;5083
3101;194345;99682;1050;98632;30751;33036;14586;2744;5350;0;306;150;1155;353;2310;269;166;134;18;36;74;57;32;26;5550;38;64;382;1045
3102;75270;34611;483;34128;12110;13974;1979;585;1564;0;193;154;366;154;294;37;70;66;19;41;18;18;11;8;1976;16;11;338;126
3103;92913;38340;254;38086;14312;13164;3298;871;1599;0;116;54;340;162;427;54;134;82;9;34;31;24;9;6;2512;18;16;333;481
3151;134817;64411;597;63814;26674;20893;5667;1371;2237;0;219;111;684;324;764;103;499;101;20;40;59;20;22;14;3108;13;13;407;451
3152;195831;102804;991;101813;32198;35475;15070;2406;5631;0;661;93;983;388;1582;248;144;188;47;37;71;107;11;11;5017;35;60;492;858
3153;112117;43027;290;42737;15648;15283;3425;1312;1855;0;167;63;537;173;470;68;48;90;19;19;50;14;8;8;2905;18;20;262;275
3154;74543;31577;284;31293;11999;10950;2673;760;1229;0;130;50;436;148;351;43;43;54;11;13;24;8;6;9;1688;8;13;441;206
3155;110332;53172;561;52611;18578;21108;4211;1342;1812;0;195;102;550;277;505;61;92;95;20;27;68;26;11;18;2894;17;14;359;229
3156;62052;26851;205;26646;10076;10269;1789;672;981;0;135;47;341;148;218;29;30;49;12;5;40;12;7;9;1434;8;9;222;104
3157;102763;48159;400;47759;17054;18813;4086;1006;1757;0;166;110;581;243;499;55;92;93;23;33;29;16;10;4;2520;27;17;296;229
3158;97307;51152;456;50696;18416;17919;5291;1296;1740;0;194;88;650;198;558;69;66;96;13;22;40;27;15;10;3174;12;14;387;401
3241;850194;413626;3664;409962;138479;140049;55403;10885;19306;0;1580;764;4257;1592;5228;794;646;787;176;206;322;288;84;80;23741;191;179;1983;2942
3251;168403;83526;707;82819;33554;25742;8689;3023;3130;0;366;138;1015;484;845;150;131;191;31;47;76;37;16;11;4320;34;14;424;351
3252;118875;58476;633;57843;21213;21083;5457;1337;2193;0;216;107;689;305;659;66;88;136;27;31;46;28;10;16;3518;37;13;364;204
3254;219042;106129;841;105288;38598;37408;11780;2145;4195;0;321;183;1154;457;1123;186;202;225;51;60;80;40;17;17;5842;38;23;614;529
3255;58035;27290;349;26941;9641;10434;2473;912;899;0;88;44;272;125;266;26;61;43;17;33;24;9;4;3;1277;9;5;169;107
3256;95424;41146;288;40858;17460;13203;3978;857;1362;0;146;74;430;210;438;51;54;75;15;24;52;13;7;10;1908;26;4;271;190
3257;125366;63465;594;62871;23220;23669;5747;1222;2113;0;199;140;743;306;616;96;161;145;27;47;79;22;17;14;3665;25;18;334;246
3351;139565;64929;485;64444;28307;18159;5518;1742;2004;0;389;174;692;367;581;123;215;161;41;39;77;27;19;16;5119;17;9;373;275
3352;158271;72992;522;72470;36206;20023;5830;1192;2554;0;285;89;786;265;651;106;77;123;24;17;55;18;19;7;3501;23;16;347;256
3353;195893;102313;1070;101243;37857;29461;11875;3373;3738;0;555;108;1426;496;1331;236;152;189;50;67;117;49;18;16;9038;30;34;551;476
3354;39602;20974;280;20694;6939;4858;5302;383;1125;0;59;28;244;90;211;24;47;35;7;6;12;19;6;11;1028;4;13;121;122
3355;139750;74254;740;73514;23150;22690;12962;1892;3840;0;203;86;911;378;1382;168;115;118;12;36;54;42;14;10;4411;16;14;496;514
3356;89145;44314;354;43960;15596;15395;5085;1003;2106;0;123;76;534;197;564;65;71;86;18;21;33;23;8;5;2538;18;9;217;169
3357;128196;71135;669;70466;33585;19570;6859;1406;2162;0;446;103;740;384;819;94;136;155;37;34;61;18;38;9;2990;20;13;447;340
3358;109018;55676;664;55012;22823;17879;5054;1327;1730;0;262;99;700;337;547;95;122;126;37;40;48;21;9;8;3020;19;12;490;207
3359;155555;74562;620;73942;31283;22706;7336;1618;2573;0;358;84;979;323;743;105;86;109;17;20;35;32;16;12;4572;23;23;514;375
3360;75619;37733;332;37401;14667;11909;4441;808;1330;0;98;26;427;193;513;73;72;53;12;22;76;13;12;6;2226;11;14;240;159
3361;104680;55868;435;55433;20867;18480;6824;1297;2169;0;146;85;691;300;634;89;113;102;12;32;46;12;15;4;2915;25;16;296;263
3401;57777;25765;368;25397;8494;9691;2155;523;1232;0;128;77;328;159;378;49;29;63;11;15;20;21;7;4;1645;14;6;230;118
3402;38973;14006;123;13883;3358;6304;1731;390;724;0;34;10;140;59;154;19;38;21;6;6;13;23;4;4;661;4;13;89;78
3403;126358;59915;338;59577;15742;17780;12798;1764;4594;0;252;33;698;183;1047;161;69;88;17;25;42;72;13;8;3320;22;26;265;558
3404;120658;61488;501;60987;20772;17945;10892;2103;3560;0;179;58;521;198;969;182;111;74;22;34;58;43;14;13;2530;27;22;234;426
3405;64170;24125;219;23906;8247;8311;2264;697;1192;0;171;56;316;113;286;38;34;68;13;9;20;16;5;6;1662;21;23;208;130
3451;95337;46951;569;46382;18939;13847;5229;1603;1585;0;172;42;559;255;440;79;43;87;16;17;27;22;6;6;2960;12;8;224;204
3452;152222;77325;1502;75823;23466;33499;7181;1363;2724;0;416;149;970;409;762;131;116;130;29;37;68;38;25;10;3358;30;17;586;309
3453;117936;59731;643;59088;37509;11485;2726;1332;1402;0;166;54;394;416;386;57;169;87;16;167;73;13;7;12;2187;19;7;249;155
3454;236116;121346;843;120503;75593;24940;6830;2625;2789;0;246;117;834;483;927;115;68;143;25;83;115;26;23;10;3703;44;25;406;333
3455;80352;39529;579;38950;13743;14197;4000;1274;1305;0;177;70;537;219;403;60;42;73;18;17;28;23;6;10;2331;15;14;226;162
3456;97142;49591;294;49297;25404;14935;3314;1182;1190;0;84;48;416;209;405;164;106;45;12;25;35;29;9;4;1361;9;12;139;160
3457;129177;63222;1117;62105;21278;25499;5257;1190;2070;0;192;94;744;292;655;123;287;148;21;73;72;35;15;13;3287;31;6;454;269
3458;99395;54677;534;54143;21348;16340;6282;1837;1943;0;359;87;659;335;637;95;64;103;20;21;33;20;12;12;3321;16;16;313;270
3459;271647;143832;1134;142698;66219;43233;13056;3906;4770;0;404;131;1108;630;1513;245;545;234;51;78;115;53;29;12;5135;67;22;647;495
3460;99942;51475;415;51060;33260;8139;3225;1371;1269;0;280;52;290;253;436;66;49;65;16;25;37;17;13;5;1793;19;3;187;190
3461;70534;29868;305;29563;11174;10510;2824;898;1122;0;101;42;340;150;266;33;19;60;12;6;22;17;6;4;1614;12;15;160;156
3462;45632;21812;315;21497;8932;7554;1769;502;630;0;73;22;270;100;170;42;20;67;8;11;21;3;6;3;1067;9;1;128;89
4011;400711;166340;1159;165181;35662;55400;31113;5661;16223;0;437;282;2394;651;3456;370;323;372;59;89;156;215;38;34;9512;92;93;807;1742
4012;83017;28689;307;28382;7691;11136;2884;640;2276;0;83;66;497;183;473;36;37;96;7;12;28;14;9;11;1693;26;16;271;197
5111;415747;223845;2483;221362;73625;67870;28099;13775;11402;0;1321;1138;3058;641;3437;422;125;431;80;89;187;204;69;34;12533;537;134;732;1419
5112;336313;143261;1944;141317;35285;57685;11185;3761;9218;0;382;575;2172;744;2031;243;144;400;85;67;146;131;82;58;10157;3445;261;2081;979
5113;428584;203073;2118;200955;59285;74179;20330;7679;11086;0;404;823;2768;956;3475;377;160;495;71;98;256;376;79;60;12010;2531;200;1538;1719
5114;165558;79988;1143;78845;26603;26342;8076;4090;4007;0;309;178;945;335;1299;139;78;178;32;43;93;46;15;11;4623;272;42;479;610
5116;192506;86904;1377;85527;33576;26277;7387;3640;4109;0;351;172;1109;339;1169;178;43;209;28;48;85;32;41;13;4374;939;53;592;763
5117;125981;65994;916;65078;18732;23993;6533;3223;3556;0;151;147;876;320;982;137;72;136;30;35;86;47;30;28;4724;451;61;382;346
5119;155439;70811;1230;69581;19572;28286;5636;1715;4680;0;175;245;1017;383;1039;121;50;189;33;34;66;55;26;15;4090;750;74;882;448
5120;79005;36218;583;35635;12393;12535;2703;1371;1822;0;79;108;458;153;472;106;47;84;24;19;33;15;13;5;2108;728;14;149;196
5122;113987;53495;718;52777;17940;16533;5351;2613;2992;0;183;169;719;296;1033;184;80;122;34;25;53;26;18;9;3109;730;46;225;287
5124;245963;118361;1352;117009;33224;37596;14905;5641;8641;0;487;702;1583;572;1989;322;185;327;53;90;127;65;33;17;7052;1692;100;606;1000
5154;227084;119292;1825;117467;53732;32685;10174;5531;3569;0;651;217;1366;607;1394;256;88;225;41;71;114;26;42;21;5358;369;38;515;377
5158;370957;201473;2714;198759;73652;64042;18288;9353;7498;0;742;698;2698;1100;2939;439;264;614;80;113;174;98;133;27;13114;974;58;884;777
5162;334173;175598;1986;173612;71166;50027;15202;10561;6046;0;586;472;2229;964;2612;301;85;426;80;111;224;78;47;27;9916;809;56;758;829
5166;228136;120707;1612;119095;51351;32999;11405;6026;4361;0;500;219;1466;567;1458;205;102;273;38;61;108;37;18;20;6179;387;42;652;621
5170;360478;190119;3004;187115;64557;71545;15451;6133;8325;0;551;482;2362;822;2459;294;159;482;74;71;170;64;69;59;9844;1114;107;1084;837
5314;227483;136146;1592;134554;39943;38159;22508;9557;7947;0;375;150;1321;448;2645;410;153;250;54;62;131;93;40;26;7848;1016;36;280;1102
5315;729081;387748;3759;383989;100960;119279;70697;18624;26661;0;1349;723;4559;1236;7171;1117;258;845;121;188;308;246;124;121;21176;3495;269;1168;3294
5316;117710;57450;736;56714;18753;19107;5401;2255;2778;0;339;171;747;352;922;133;32;132;11;32;50;15;23;11;3768;1049;39;245;349
5334;408743;222895;3265;219630;67369;90483;20783;7689;10112;0;864;730;2218;800;4471;596;117;406;84;103;214;70;37;34;8806;1261;48;893;1442
5358;200004;107570;1814;105756;40240;38857;7195;3259;4109;0;401;241;1349;592;1601;172;113;318;43;90;82;45;37;10;5533;411;27;613;418
5362;345437;180617;2557;178060;65955;61244;16272;7708;6176;0;1075;431;2254;749;2280;323;95;512;63;68;146;41;29;18;9048;2010;50;738;775
5366;148868;78817;1278;77539;32654;21854;6033;4419;3092;0;402;211;1106;490;966;161;135;251;33;48;160;28;12;19;4409;352;17;419;268
5370;189213;102648;2100;100548;45945;30191;6795;3311;3352;0;845;280;1329;496;1188;128;52;218;45;52;86;21;29;16;4404;333;29;942;461
5374;209600;113900;1703;112197;45524;34291;8975;4913;4775;0;379;237;1263;581;1235;303;456;344;47;155;236;32;23;27;6387;934;48;578;454
5378;217229;125455;1233;124222;47728;35903;13937;7045;4753;0;670;240;1431;527;1494;294;204;318;46;66;130;29;32;14;7633;828;38;379;483
5382;449917;262151;3395;258756;100071;77449;26425;13195;10402;0;1001;325;3061;1018;3510;581;379;1570;109;129;303;47;53;43;15145;1267;64;1370;1239
5512;89473;44529;590;43939;12793;19250;2799;1076;2110;0;84;161;503;171;530;528;25;78;7;13;33;456;7;5;2472;301;33;278;226
5513;180811;81747;1420;80327;18976;37065;4866;1771;4202;0;160;517;1047;340;1095;130;63;227;29;49;272;78;28;12;6131;1710;302;871;386
5515;230294;142460;1174;141286;46552;40471;26201;6799;7738;0;252;112;1134;378;2529;974;74;195;20;69;107;76;32;25;5819;157;48;313;1211
5554;276875;155070;1902;153168;80204;40490;11817;5498;3654;0;373;245;1064;626;1638;216;91;257;34;84;120;52;20;20;5204;375;17;587;482
5558;171164;102969;1050;101919;48182;27737;10246;4149;3110;0;228;153;865;878;1083;201;44;166;18;46;64;25;12;11;3782;217;20;329;353
5562;479057;236191;3756;232435;74243;93816;17288;6639;11103;0;671;936;3178;1304;3394;370;229;743;82;113;209;276;61;41;12918;1762;209;1673;1177
5566;338268;194990;2730;192260;81911;64624;17490;6402;6809;0;761;300;1588;943;2219;338;160;316;31;91;141;40;32;34;6251;330;28;713;708
5570;210359;120687;1678;119009;52670;36292;10860;4531;4021;0;837;209;1011;557;1301;231;97;200;29;78;59;27;21;16;4738;187;20;619;398
5711;238932;127375;1609;125766;38527;42262;18414;3664;8957;0;241;247;1251;489;2283;298;341;259;36;145;157;74;33;29;6272;326;67;505;889
5754;262976;141757;2150;139607;61325;40300;14287;4272;5336;0;784;248;1348;685;1526;334;238;285;47;114;129;37;19;25;6716;304;35;593;620
5758;193351;102072;1621;100451;34701;37992;9153;2701;4449;0;510;271;1080;439;1180;164;322;234;35;114;122;57;24;15;5766;220;32;457;413
5762;113628;65911;1239;64672;32553;17748;4106;1974;2002;0;192;117;584;452;636;300;47;97;31;65;73;17;11;8;2924;154;11;345;225
5766;271166;146244;2445;143799;48102;52340;13802;5156;6572;0;1313;338;1571;638;1883;282;799;296;42;241;649;57;36;34;7894;374;34;700;646
5770;243588;123748;1974;121774;43016;46175;10086;4167;4908;0;594;385;1236;598;1375;222;475;244;45;111;143;45;36;21;6437;377;51;472;555
5774;227655;119851;1606;118245;58370;27419;11167;3934;5192;0;474;211;964;624;1575;245;164;216;43;102;187;17;25;25;5932;214;25;542;578
5911;279538;140112;1803;138309;34655;54856;16380;4422;9240;0;530;321;2040;617;2435;308;134;346;42;98;113;106;45;33;7878;1191;183;1215;1121
5913;420999;199861;3146;196715;49130;77250;24623;5957;12770;0;641;570;2604;862;3968;364;136;669;69;86;145;229;75;52;11693;794;261;1998;1769
5914;135884;65301;1037;64264;19551;25297;5049;2188;3353;0;206;335;947;314;839;101;79;172;32;53;62;36;18;10;4058;793;65;430;276
5915;127995;68038;1365;66673;24820;25699;4273;1767;3096;0;156;253;708;275;873;50;51;173;22;30;55;35;14;10;2980;304;18;733;278
5916;114782;50556;792;49764;13028;21426;3711;1165;3083;0;197;312;689;241;868;68;53;143;8;30;63;29;16;11;3224;436;61;591;311
5954;256497;134030;1781;132249;37469;51567;14202;5068;6966;0;561;353;1908;616;1857;294;222;300;40;91;117;95;41;32;7832;1032;154;707;725
5958;205528;113822;1772;112050;56351;30861;6501;4045;3493;0;577;274;1038;561;1171;179;67;249;40;92;122;24;19;18;5111;255;20;528;454
5962;311957;146283;2116;144167;55471;48283;10148;5420;6008;0;507;469;1832;840;1974;343;462;470;56;140;226;52;33;21;9394;543;54;917;504
5966;103744;56226;683;55543;29649;13842;3058;1795;1485;0;175;120;447;295;424;77;30;112;17;45;63;17;9;20;3278;165;11;248;161
5970;215420;115233;1717;113516;41006;40356;8301;4039;5159;0;367;406;1316;585;1215;295;617;314;65;188;229;82;39;19;7179;397;46;786;510
5974;232293;123332;1794;121538;51536;38340;9841;4672;4531;0;313;294;1253;729;1499;238;145;286;63;121;130;42;44;17;6002;301;35;569;537
5978;309601;158808;2336;156472;45353;66065;13995;4633;7381;0;936;495;1929;812;2537;211;150;458;51;87;121;59;33;32;8491;501;67;1348;727
6411;105493;51129;439;50690;11422;13434;11488;1971;4325;0;291;88;524;259;1828;227;87;127;15;37;125;62;20;7;3451;17;51;181;653
6412;418278;186201;1446;184755;47256;48905;34838;10335;15533;0;1132;643;2023;541;3608;536;192;534;94;100;203;291;58;84;14716;90;98;907;2038
6413;66880;24839;319;24520;6636;6735;3636;818;2121;0;168;228;397;80;551;95;36;113;26;27;19;35;5;11;2344;14;14;187;224
6414;189820;78728;643;78085;23312;22264;11725;4077;4538;0;417;300;811;206;1300;295;138;231;33;66;131;57;55;17;7161;33;21;349;548
6431;200057;90704;1519;89185;31607;26531;9502;3331;3607;0;963;471;1186;473;1150;231;211;374;40;111;139;55;20;22;7904;21;31;753;452
6432;213600;97400;1456;95944;28272;30195;13650;3420;4736;0;754;376;1270;588;1988;335;283;378;65;103;160;123;29;24;7940;35;48;590;582
6433;175171;73713;1148;72565;20808;24292;8634;2254;4033;0;526;418;933;387;1430;206;117;354;47;51;96;106;30;15;6600;38;51;650;489
6434;165167;83370;799;82571;28611;20107;10494;6185;3352;0;566;340;954;313;928;271;104;277;47;78;138;47;20;15;8896;44;22;321;441
6435;300763;120109;1847;118262;37396;35413;12562;4112;6114;0;1100;1004;1639;670;1597;529;191;561;98;139;210;129;39;20;12553;75;41;1313;757
6436;166024;82454;920;81534;27606;20825;10378;4859;3252;0;813;238;838;326;1139;264;84;233;39;59;89;35;22;25;9551;43;15;383;418
6437;72044;31232;618;30614;9326;10298;2947;948;1677;0;255;260;491;176;392;130;71;151;26;33;52;29;13;6;2852;12;18;295;156
6438;239582;103416;1338;102078;34540;27711;12617;4599;5054;0;890;677;1335;454;1712;358;131;403;64;155;139;69;30;28;9763;56;21;654;618
6439;138630;64250;745;63505;21523;18372;7883;2962;2600;0;486;217;809;294;838;196;96;218;36;48;102;22;28;13;6097;30;19;291;325
6440;224655;90437;1032;89405;27222;27121;10929;3636;4286;0;993;329;1190;425;1178;319;178;318;45;71;109;48;15;27;8898;47;21;1449;551
6531;198130;81310;1018;80292;22947;24940;11213;2713;5156;0;1160;179;909;294;1201;361;196;272;42;98;136;97;34;23;6914;33;31;625;718
6532;192664;64892;723;64169;20988;20849;6085;2000;3157;0;746;235;723;373;811;236;517;249;39;127;186;57;6;17;5574;63;23;803;305
6533;130500;50251;581;49670;18907;14414;4336;1682;1936;0;517;151;647;223;582;126;48;190;19;67;87;20;9;14;5053;30;12;379;221
6534;185360;72844;765;72079;20207;23726;10305;1861;5326;0;465;253;791;312;987;376;325;196;38;134;150;77;21;25;5397;34;18;370;685
6535;86636;36194;706;35488;11525;11803;3155;1198;1794;0;481;159;373;235;343;109;72;117;18;29;58;15;5;13;3369;11;8;425;173
6611;142751;57059;592;56467;12268;16764;10825;1756;6195;0;330;102;675;189;1174;212;100;159;12;50;122;57;10;21;4560;27;85;255;519
6631;169360;66281;837;65444;31209;12815;6176;2162;2636;0;435;254;613;382;665;214;154;204;45;143;257;31;15;12;5860;34;15;788;325
6632;96421;37534;509;37025;10526;14795;2825;1015;1609;0;363;112;355;247;294;66;109;120;24;48;71;9;11;10;3651;15;13;561;176
6633;190823;78845;1485;77360;19520;31863;8235;1975;3951;0;625;212;894;376;799;168;123;283;19;42;113;46;9;17;7277;42;25;400;346
6634;145071;62701;1549;61152;15811;24883;6271;1947;2639;0;824;205;686;350;564;112;121;258;24;59;90;32;15;10;5466;25;8;455;297
6635;126068;46887;582;46305;15264;15762;4611;2011;2101;0;524;163;487;252;403;135;116;188;22;32;83;24;8;11;3663;29;7;252;157
6636;83046;35088;698;34390;9585;13724;3337;946;1845;0;256;84;363;177;308;78;46;112;15;24;51;30;8;12;2996;6;10;233;144
7111;84878;41846;535;41311;15735;11331;4941;1769;2002;0;377;67;551;163;625;168;50;145;14;25;51;16;9;11;2741;55;15;172;278
7131;100539;57741;1104;56637;25759;13783;4449;2643;1715;0;943;120;820;231;683;235;45;217;27;43;90;44;11;11;4093;73;10;320;272
7132;101504;56088;1191;54897;22731;17687;3310;1796;1881;0;705;185;802;279;529;128;313;239;35;76;92;24;8;13;3386;106;37;334;201
7133;121149;70980;1708;69272;24511;24367;4949;2897;2479;0;1074;251;1276;391;697;205;128;303;40;67;128;32;24;14;4583;31;17;495;313
7134;66293;35126;1070;34056;12069;12299;1727;1525;1570;0;404;140;634;247;353;84;48;155;29;19;56;14;10;9;2209;15;11;291;138
7135;50665;32228;1041;31187;16463;7132;1528;1082;897;0;445;82;406;162;251;69;40;101;19;42;42;2;7;7;2128;22;4;128;128
7137;166771;92494;1977;90517;40411;26883;6104;2848;2700;0;1295;252;1368;436;850;277;130;337;42;60;113;25;18;12;5467;47;30;391;421
7138;138629;75190;1394;73796;29186;23355;5123;2620;2584;0;1064;202;1223;332;763;188;299;300;57;94;86;20;9;17;5476;94;25;366;313
7140;80424;49619;1264;48355;20248;14814;2874;2077;1809;0;812;160;790;308;492;210;151;203;29;50;83;7;7;10;2723;13;10;292;183
7141;96743;56918;1365;55553;19420;20034;3728;1693;2010;0;1143;191;967;361;567;149;85;247;34;39;57;20;10;13;4180;21;15;331;238
7143;154995;91273;2303;88970;39004;25802;5704;3066;3006;0;1448;305;1390;531;928;201;223;429;58;80;130;31;16;12;5578;48;27;647;306
7211;81791;39723;550;39173;13603;10947;5814;1284;2161;0;536;31;491;119;888;126;26;59;21;22;66;23;14;9;2298;14;9;204;408
7231;87851;52323;1698;50625;23621;12957;3165;2334;1556;0;1175;155;807;331;557;393;32;207;19;31;63;12;12;15;2642;21;22;294;204
7232;73408;46126;1659;44467;21338;11670;3082;1507;1066;0;1197;106;776;328;467;115;41;190;26;45;65;14;9;7;1989;29;12;229;159
7233;48766;29543;990;28553;13870;7342;1566;1032;992;0;615;89;469;162;286;68;34;125;14;37;49;8;5;3;1544;16;11;141;75
7235;112654;69308;2046;67262;30072;18641;5061;1848;2037;0;2116;162;1092;382;847;159;35;211;28;50;75;19;9;6;3747;16;16;365;268
7311;34215;16468;299;16169;6446;4754;1102;519;743;0;266;166;222;60;159;29;46;68;8;23;13;4;1;3;1322;8;3;146;58
7312;73674;32162;498;31664;9262;10406;3257;1301;1988;0;585;151;548;187;745;123;80;129;19;33;31;25;10;7;2088;18;14;388;269
7313;35005;19137;321;18816;5756;5728;2815;686;762;0;334;56;322;96;345;92;55;73;10;24;16;12;4;3;1369;6;7;93;152
7314;104309;46979;869;46110;13913;16211;3661;1430;2020;0;607;590;742;224;731;103;67;172;31;38;44;22;15;12;4449;64;47;648;269
7315;146148;80511;906;79605;23900;23013;13846;3424;4101;0;468;365;913;191;1637;1348;68;147;39;83;71;50;19;16;4777;96;17;188;828
7316;41441;22844;359;22485;8376;6178;2511;1031;774;0;777;101;306;110;240;100;60;88;20;38;53;11;4;4;1400;9;8;139;147
7317;32144;14448;393;14055;5408;4386;557;502;696;0;228;382;329;75;162;25;26;51;5;11;24;4;3;3;886;3;2;218;69
7318;36768;18433;263;18170;5998;5335;2372;673;907;0;224;271;281;101;232;112;42;74;11;16;19;5;5;8;1266;8;5;91;114
7319;59521;29072;632;28440;9446;9570;2573;1165;1066;0;406;161;460;130;345;100;40;107;26;26;32;18;11;6;2212;14;6;388;132
7320;26888;11738;243;11495;3366;4293;843;414;660;0;165;65;235;79;197;45;21;37;13;15;15;4;5;3;827;3;1;129;60
7331;97080;59159;1640;57519;18984;19608;4552;2422;2047;0;1186;357;1064;347;662;247;121;312;33;44;82;13;15;10;4480;20;19;640;254
7332;104828;63248;1388;61860;22322;19265;4876;2656;1819;0;2135;389;1163;405;719;176;125;256;34;80;60;19;5;15;4452;36;14;550;289
7333;58725;34773;964;33809;10237;12154;2349;1271;1313;0;1328;190;723;268;455;101;60;195;17;33;44;9;8;7;2381;11;8;497;150
7334;94277;54520;1262;53258;20506;15878;3563;1868;1632;0;1344;735;1024;316;659;279;135;289;41;60;62;21;17;15;4122;20;34;393;245
7335;81706;50296;1538;48758;17197;16575;2767;1259;1956;0;2064;344;1062;392;517;103;148;293;34;65;74;7;12;21;3060;19;5;585;199
7336;58242;35735;1235;34500;9543;14340;1927;785;1726;0;1087;303;800;319;418;58;79;185;19;48;34;23;8;7;2121;10;14;488;158
7337;87691;55485;1574;53911;20420;15943;4550;2160;1550;0;1514;409;1020;357;628;185;134;296;41;71;84;36;33;21;3790;39;12;369;249
7338;116626;69431;1318;68113;25735;20869;5344;2551;1894;0;1343;638;1102;410;873;183;103;266;44;66;70;26;10;9;5708;26;29;515;299
7339;157364;98591;1933;96658;35459;30374;10073;4034;3097;0;1442;452;1566;436;1310;564;143;359;62;66;109;28;25;15;6066;37;16;433;492
7340;80182;53610;2172;51438;21024;15308;2384;1816;1761;0;1548;561;1237;475;616;104;100;297;42;80;86;14;5;12;3042;19;14;658;235
8111;378862;201380;1725;199655;61736;46512;39059;10698;11529;0;3109;889;1857;475;3538;1362;371;288;105;149;276;170;153;42;14887;49;238;545;1618
8115;258396;138646;2146;136500;53400;30164;16588;6380;4524;0;4826;710;1170;585;1761;649;706;296;101;197;596;38;32;31;12193;48;90;805;610
8116;363627;195920;3058;192862;72535;45347;26801;8101;6462;0;5974;2549;1771;808;2588;1047;709;448;141;290;453;53;35;37;14586;45;153;792;1137
8117;179093;90071;2101;87970;34748;21022;10306;3385;2901;0;2840;726;895;422;841;466;253;209;71;142;183;25;19;20;7571;31;57;467;370
8118;363677;198535;3283;195252;72069;47931;25652;8574;6682;0;6385;1231;1885;850;2191;1387;701;398;163;220;470;45;60;44;16232;59;133;937;953
8119;296116;156642;2749;153893;58877;34777;17377;7859;5033;0;3842;1123;1533;710;1838;1234;938;345;140;225;535;72;61;32;15467;55;87;942;791
8121;78309;33272;503;32769;11528;9971;3283;1661;1314;0;375;202;262;114;309;209;61;78;18;28;40;12;6;5;2793;41;49;273;137
8125;239085;123791;3266;120525;48454;30817;11247;5202;3523;0;2274;951;1250;764;1135;1285;580;340;101;213;285;29;42;29;10041;42;56;1374;491
8126;82285;42348;988;41360;17613;9745;3958;1893;1484;0;878;279;380;330;412;224;220;97;46;79;119;13;17;16;2930;10;8;449;160
8127;141514;68197;1883;66314;25490;16034;8112;2955;2353;0;1312;441;657;475;723;916;454;180;84;127;208;40;27;49;4771;19;60;521;306
8128;103283;59300;1809;57491;28310;12033;4476;1601;1779;0;1289;457;516;487;576;735;132;116;62;108;123;8;14;14;3894;24;22;493;222
8135;95219;44594;983;43611;18133;10735;4644;1040;1518;0;950;572;438;275;440;510;201;108;27;66;111;94;9;11;3252;18;26;277;156
8136;230415;116074;3228;112846;54057;24869;10913;3123;3397;0;2127;795;986;587;1081;441;338;241;109;181;246;31;39;41;7846;35;66;861;436
8211;39257;18657;273;18384;7035;4403;2464;1089;533;0;330;60;216;79;143;63;42;44;6;16;25;7;5;3;1665;9;3;64;80
8212;207006;101277;1071;100206;28839;25595;19266;4665;5328;0;969;223;960;343;2950;563;305;140;36;82;166;65;31;17;7961;65;75;363;1199
8215;323232;173398;4865;168533;70759;39874;17574;5830;4990;0;4066;1355;1899;969;2175;611;677;479;98;311;383;53;47;39;14325;64;68;1003;884
8216;167850;83628;2723;80905;34976;19073;8466;2560;2001;0;2214;406;936;455;803;239;153;253;43;109;106;37;20;29;7112;36;40;488;350
8221;98268;53822;452;53370;13983;13388;12757;2574;3421;0;343;86;462;142;1250;313;81;57;19;40;69;36;8;12;3611;13;29;139;537
8222;200318;88285;1317;86968;24552;26169;12359;3495;5125;0;848;331;1016;296;1485;274;161;211;44;59;119;71;28;26;8437;47;78;874;863
8225;109800;59582;1963;57619;30153;12223;3901;1302;1454;0;1352;371;531;357;509;329;168;129;48;122;126;16;7;8;3822;22;26;459;184
8226;399656;216540;6007;210533;77224;55567;25559;8521;7476;0;4999;1072;2403;1089;2729;764;505;516;137;276;328;100;53;70;18401;80;71;1503;1090
8231;77938;29737;519;29218;10278;6663;2884;1344;1543;0;424;168;321;156;333;85;109;80;40;46;48;15;17;10;4232;15;20;225;162
8235;110858;57453;1381;56072;24398;11119;5077;2779;1589;0;1264;385;610;337;492;254;658;188;45;165;245;18;17;18;5761;19;27;401;206
8236;142528;76435;1947;74488;28203;17542;7983;3188;2114;0;1662;534;906;411;736;342;588;226;79;144;227;26;21;20;8538;36;20;601;341
8237;86824;44445;1111;43334;17994;7825;3458;5643;1040;0;791;572;426;295;345;223;404;96;23;113;120;6;14;10;3479;20;11;298;128
8311;155449;85548;830;84718;18338;20857;23466;2821;7257;0;1047;215;1044;248;1795;749;203;177;30;86;151;71;22;28;4825;21;73;206;988
8315;190289;109276;2788;106488;40848;24549;17386;4027;3455;0;2119;486;1253;587;1027;609;446;330;65;198;224;37;29;39;7879;42;29;339;485
8316;121857;65600;2025;63575;23457;15837;9624;2174;2147;0;1634;349;984;393;764;961;181;203;45;134;123;24;15;16;3822;18;19;324;327
8317;316303;161212;5739;155473;66144;36934;18641;4631;4307;0;4538;729;1765;1137;1481;691;487;464;92;332;305;80;48;46;11084;55;45;796;641
8325;103195;53160;1806;51354;24116;9731;4112;2416;1174;0;1106;308;507;366;419;1126;247;176;37;130;150;12;13;15;4542;23;13;436;179
8326;150541;74092;1988;72104;32525;14776;7801;2886;1900;0;1856;278;761;370;676;257;410;236;69;153;182;32;17;27;5925;20;45;648;254
8327;96043;48601;1640;46961;23261;8605;4310;2233;1206;0;1081;233;480;333;416;212;160;157;41;95;147;17;14;16;3386;23;26;335;174
8335;202911;102839;2225;100614;38136;22483;16146;4579;3866;0;2393;370;1126;472;1276;542;270;326;64;148;232;37;30;45;6970;44;44;451;564
8336;162717;78919;2032;76887;26815;20539;11322;2895;2617;0;2037;420;850;423;895;336;455;334;71;165;291;31;20;20;5303;22;46;632;348
8337;119139;61692;1672;60020;26678;13294;6860;2062;1701;0;1872;409;589;308;563;361;232;240;31;128;178;21;11;18;3800;23;25;419;197
8415;199935;100213;2036;98177;39288;21246;12923;4473;3461;0;2039;536;956;504;1034;480;447;315;91;189;281;36;18;21;8626;43;76;601;493
8416;158007;91219;1347;89872;28500;20343;18331;3597;5453;0;1192;332;810;358;1385;650;363;203;43;118;244;71;23;33;6624;16;80;364;739
8417;139454;68190;2010;66180;30105;13171;6052;2935;2031;0;1609;467;737;507;678;277;314;247;59;121;151;22;17;27;5630;29;95;644;255
8421;82591;41224;421;40803;13061;10810;7242;1760;1836;0;571;129;456;180;829;267;93;98;26;46;106;8;14;53;2738;11;45;146;278
8425;138961;79911;1956;77955;37916;15116;8434;2154;1910;0;1926;462;757;558;801;578;285;221;73;182;428;35;19;20;5221;34;41;492;292
8426;143105;77407;2159;75248;39244;12092;7863;2358;1677;0;2021;537;724;586;720;1060;184;268;89;291;391;15;17;20;4459;21;26;341;244
8435;156520;85430;1558;83872;34910;17145;12613;3444;2741;0;2398;295;883;393;872;768;184;264;65;142;280;35;24;20;5630;20;43;344;359
8436;206250;106823;2238;104585;47401;17930;15027;3253;3344;0;3313;516;981;716;1010;2725;285;316;104;234;472;28;25;55;5886;28;49;455;432
8437;96443;51879;1669;50210;26157;7864;5525;1509;1164;0;1526;411;521;373;442;294;116;148;42;115;113;13;14;22;3343;18;20;297;163
9161;90683;30667;100;30567;0;6166;3419;961;1155;12446;915;222;241;65;439;1033;46;71;287;29;36;9;4;8;2648;9;12;173;173
9162;924005;422743;950;421793;0;108649;82846;22303;17057;113475;7699;1386;4859;764;8086;11360;286;626;3498;257;851;292;157;80;32869;142;168;1123;2960
9163;41596;15629;51;15578;0;2613;2238;501;497;5758;445;252;194;42;210;461;13;25;372;24;41;17;10;4;1696;8;4;48;105
9171;82981;30679;103;30576;0;4828;2682;724;752;14878;1234;244;338;82;275;1053;25;48;609;48;79;15;60;9;2332;10;7;123;121
9172;74848;27428;108;27320;0;4423;3301;703;610;12434;981;239;278;67;193;887;73;53;439;85;128;9;5;3;2193;10;7;125;74
9173;92336;40436;191;40245;0;6139;5323;1405;906;16628;2083;146;455;107;389;862;34;77;1005;52;125;10;15;13;4215;7;5;120;124
9174;102640;44674;122;44552;0;8168;4860;1081;1023;18550;2085;185;480;139;495;1779;45;84;952;44;127;17;14;14;4079;11;10;142;168
9175;97182;46287;135;46152;0;8385;7169;1744;1050;17603;1644;146;482;145;617;1286;31;72;1180;38;146;21;13;14;4032;15;8;117;194
9176;96247;42483;137;42346;0;7203;3230;818;894;20643;2653;149;309;128;339;1680;64;101;598;67;129;13;13;7;2846;9;6;280;167
9177;96834;40820;166;40654;0;5866;4609;975;990;17304;2373;478;525;122;396;1608;17;85;1019;47;133;21;7;11;3725;11;16;142;174
9178;119723;51944;247;51697;0;8096;8467;1456;1559;18528;3380;173;639;201;636;1672;55;108;906;50;136;20;12;10;4998;19;13;243;320
9179;155035;71977;205;71772;0;15044;10373;2572;1834;26159;2963;261;821;194;1078;1876;68;127;893;61;233;24;15;21;6591;26;16;227;295
9180;65622;28061;92;27969;0;3574;2585;971;554;12599;1415;57;322;66;156;1482;29;88;671;34;68;5;2;12;3079;13;8;102;77
9181;88105;38543;112;38431;0;6341;6136;1193;1000;15202;1268;127;467;128;360;1548;34;73;899;64;156;14;9;6;3125;6;6;131;138
9182;72572;30495;106;30389;0;4505;4284;1348;547;12608;1316;82;373;81;239;702;23;67;814;30;86;9;10;6;3052;9;7;92;99
9183;84607;31554;113;31441;0;4055;2904;735;737;15077;1457;168;346;109;237;1382;42;59;926;50;109;13;32;6;2730;11;5;152;99
9184;235289;116090;360;115730;0;26255;16371;5931;2722;41772;3099;488;1276;303;1515;2974;79;168;1265;77;277;33;31;18;10247;42;18;281;488
9185;70878;29953;145;29808;0;4091;2127;604;621;15350;2148;147;314;98;262;512;29;74;484;38;75;12;6;3;2514;12;6;174;107
9186;91211;39910;197;39713;0;6820;3544;956;886;18471;1903;201;412;160;400;1188;62;130;697;52;101;17;8;10;3200;11;6;273;205
9187;191063;79735;248;79487;0;11167;10076;2310;1841;34166;2965;655;841;213;716;2918;84;144;2905;111;323;33;36;16;7391;24;16;264;272
9188;96460;49854;126;49728;0;9420;8185;3363;1129;17748;1415;139;606;124;551;1313;21;69;649;32;121;13;13;9;4499;8;8;118;175
9189;132926;52553;157;52396;0;8070;7962;1307;1288;22251;2001;289;529;131;380;2003;102;98;1644;106;238;10;49;11;3544;12;11;205;155
9190;100654;44488;141;44347;0;7267;5558;1338;1164;17200;2001;138;488;169;414;2140;37;114;1178;47;184;19;11;10;4572;21;7;142;128
9261;48822;18488;57;18431;0;3227;2703;621;660;7106;765;64;282;42;242;601;12;39;254;13;41;16;7;4;1525;6;7;82;112
9262;38468;14490;48;14442;0;2963;1980;596;613;5403;265;51;158;35;202;653;8;17;130;18;13;6;2;3;1156;5;6;67;92
9263;34667;11029;51;10978;0;1796;725;280;321;5450;308;62;121;20;87;547;14;38;179;8;9;4;4;6;804;4;7;143;41
9271;91418;27570;93;27477;0;3849;1757;531;669;14167;1692;150;300;75;187;714;55;69;488;43;44;5;1;2;2348;9;7;245;70
9272;63709;16875;58;16817;0;2504;983;289;380;8815;896;75;158;38;101;438;18;37;566;27;40;7;1;3;1235;7;4;157;38
9273;87352;32825;108;32717;0;5161;2388;591;647;17119;1398;118;304;89;273;1332;27;55;746;29;62;16;5;6;2022;3;3;246;77
9274;116297;46391;127;46264;0;5951;4330;1017;888;22077;4593;189;486;128;431;1577;24;78;1030;51;134;13;6;11;2885;7;5;223;130
9275;149285;45962;162;45800;0;7160;3254;988;1256;23258;1797;201;534;106;327;1571;46;133;887;70;116;13;9;9;3625;14;9;313;104
9276;62610;16498;69;16429;0;2437;929;314;386;8436;867;92;161;42;119;538;19;33;301;24;38;6;2;6;1501;5;2;136;35
9277;91946;30433;141;30292;0;3589;2119;631;615;16488;1178;110;377;73;226;1424;10;53;723;47;66;9;11;4;2231;20;6;198;84
9278;76667;30366;90;30276;0;3467;1337;559;417;17174;1836;165;249;72;156;1820;18;64;630;26;46;11;4;9;1796;5;8;337;70
9279;71650;25503;92;25411;0;3452;1438;458;473;13893;1089;181;246;88;164;1126;17;61;604;36;67;8;7;1;1648;9;2;256;87
9361;33217;11512;38;11474;0;2821;892;291;417;4652;259;40;115;15;127;419;22;28;124;15;28;2;3;1;1096;4;5;63;35
9362;103432;41675;94;41581;0;9570;7249;1331;1859;13228;1239;75;431;76;804;1528;36;55;286;33;80;41;6;12;3162;16;12;138;314
9363;33246;11551;46;11505;0;2888;967;256;366;4700;285;33;94;26;93;227;20;45;109;9;11;3;3;6;1216;5;5;94;44
9371;82522;33538;153;33385;0;7452;2260;547;760;15416;1663;136;268;103;272;1101;50;64;420;29;61;9;2;5;2365;10;13;258;121
9372;102140;31749;137;31612;0;4112;1863;500;511;16985;2705;123;291;79;249;775;46;57;699;49;60;19;5;12;2192;5;6;200;69
9373;99620;42576;139;42437;0;5783;3477;694;936;22669;2496;138;370;132;350;1109;45;92;543;57;96;8;7;3;2874;5;6;388;159
9374;76683;31408;145;31263;0;6554;1771;433;516;15391;1663;106;293;91;218;764;25;74;436;37;59;6;8;6;2408;7;9;306;82
9375;146252;61865;256;61609;0;11049;5357;1279;1299;27280;5705;292;644;167;505;1687;68;117;844;65;125;32;17;11;4449;18;18;358;223
9376;114360;41070;163;40907;0;8588;2172;479;813;20184;1741;218;426;135;309;1302;38;94;713;48;124;14;9;13;3001;7;11;341;127
9377;60297;24073;96;23977;0;4131;1203;322;391;13390;1520;52;218;87;158;367;29;69;211;42;67;2;4;5;1416;13;8;216;56
9461;55010;22127;81;22046;0;4381;4631;785;989;7235;429;74;204;62;419;527;24;42;204;24;50;23;6;5;1550;4;28;182;168
9462;57280;21750;83;21667;0;5277;3133;1177;767;7220;530;93;233;62;428;334;127;35;122;29;54;8;8;2;1757;8;13;89;161
9463;32359;12559;33;12526;0;3496;1712;414;503;4351;181;33;134;36;147;218;31;25;45;8;8;6;3;1;995;0;3;87;89
9464;34221;11294;54;11240;0;2701;929;298;421;4676;244;48;119;39;170;108;112;16;60;24;31;8;4;0;1075;11;4;96;46
9471;115598;46669;190;46479;0;7739;3923;1043;1175;23289;1566;391;459;224;471;809;101;178;740;66;153;5;14;10;3186;11;23;736;167
9472;85177;34697;120;34577;0;7676;2741;819;746;15370;2305;264;347;150;280;393;99;76;294;46;96;8;3;4;2556;10;4;194;96
9473;70794;28104;100;28004;0;7788;2183;567;729;11785;1107;86;249;119;217;396;45;55;161;21;35;4;5;6;2053;6;26;252;109
9474;89698;39835;130;39705;0;7920;4579;1076;1117;16624;2481;371;417;119;378;574;83;102;262;38;98;20;9;8;2874;10;12;371;162
9475;79214;32049;132;31917;0;8325;1881;551;848;14386;1275;180;327;118;309;343;194;65;185;52;127;9;3;8;2381;14;11;217;108
9476;56593;21125;145;20980;0;5317;1071;379;437;10360;849;92;175;63;150;181;53;48;108;37;40;7;5;4;1286;5;11;246;56
9477;60402;23288;87;23201;0;5653;1661;572;637;10167;1128;101;222;82;212;295;47;62;101;35;43;8;3;6;1915;4;10;150;87
9478;54645;21779;83;21696;0;3846;1322;377;403;11513;1062;83;205;66;230;387;57;52;136;19;35;2;7;6;1525;3;2;277;81
9479;60370;22246;126;22120;0;6240;1381;409;601;9400;806;101;286;78;191;205;68;69;196;18;35;9;3;5;1652;8;6;258;95
9561;31263;11331;46;11285;0;3040;1529;247;512;3451;360;47;123;34;122;572;48;41;72;13;24;12;2;1;882;4;1;86;62
9562;77383;37320;88;37232;0;10476;7021;1534;1753;9752;923;54;312;110;828;1154;62;64;109;31;73;17;16;9;2473;9;23;131;298
9563;86007;31368;145;31223;0;9179;4957;945;2228;8124;576;136;338;96;656;473;57;70;170;22;94;31;4;9;2542;5;16;220;275
9564;349601;143804;811;142993;0;42711;20688;4300;8180;39577;2700;558;1675;467;2719;3016;224;327;609;87;256;166;27;45;12070;63;111;1311;1106
9565;30006;12459;52;12407;0;3003;1923;367;550;4279;330;40;133;47;137;254;29;22;79;13;18;6;0;0;1028;4;3;86;56
9571;139801;55113;194;54919;0;11590;6081;1302;1550;22036;3242;212;503;248;540;1779;259;161;435;104;145;28;5;7;3988;23;11;495;175
9572;102993;48417;154;48263;0;12111;6879;1535;1307;17124;2448;110;436;143;586;714;111;96;308;29;76;8;8;9;3671;12;16;276;250
9573;90790;40010;140;39870;0;11080;4815;939;1371;13555;1594;153;452;144;531;611;105;104;238;37;97;17;7;10;3442;17;10;326;215
9574;129375;57895;233;57662;0;15411;7502;1507;1881;19597;3169;329;632;165;679;1111;116;128;313;54;174;21;12;8;4275;18;8;315;237
9575;77421;33005;141;32864;0;7038;3384;752;853;13807;1937;116;317;188;341;1035;91;69;228;51;80;10;4;10;2111;4;16;296;126
9576;97193;41456;167;41289;0;9122;5087;902;1317;16273;2517;147;484;153;438;743;78;118;274;43;91;12;7;17;2999;11;10;284;162
9577;72500;29964;138;29826;0;6545;3303;573;751;12559;1178;100;259;90;304;1248;89;52;227;52;92;6;12;7;2058;11;9;170;131
9661;49917;17112;123;16989;0;3939;2560;680;688;5822;264;83;185;45;279;448;15;33;104;21;32;9;4;7;1443;7;30;165;126
9662;38947;13598;91;13507;0;3717;1208;465;864;5025;254;146;108;23;169;190;24;24;52;14;35;8;2;4;989;9;22;88;67
9663;99770;41643;133;41510;0;9510;8235;1795;1765;12881;722;213;413;92;1029;989;44;43;115;40;92;30;9;9;2895;15;6;122;446
9671;134223;53199;349;52850;0;11845;5557;1640;1387;22104;1773;351;570;239;617;789;42;167;362;90;102;20;20;16;4404;21;29;442;263
9672;84410;35211;177;35034;0;6518;2748;915;1016;17523;1165;276;300;134;364;753;67;116;224;52;128;15;9;8;2347;14;10;227;105
9673;64780;26640;135;26505;0;4541;2212;658;730;14151;988;125;197;118;251;316;51;71;181;25;110;11;10;9;1370;8;15;225;132
9674;68335;29204;119;29085;0;6328;2047;675;800;14100;1264;161;255;114;271;688;31;79;223;36;90;10;6;10;1396;22;12;361;106
9675;69555;30027;124;29903;0;5485;2696;733;699;14454;1872;149;277;101;301;591;68;67;275;34;44;14;2;8;1688;9;5;233;98
9676;96324;37507;222;37285;0;8254;3504;1176;848;16282;1986;163;412;153;357;694;34;106;239;68;101;11;4;14;2355;17;10;318;179
9677;101181;42611;201;42410;0;8841;4120;932;905;18912;2446;259;505;145;507;447;55;124;236;42;81;21;14;11;3342;13;21;277;154
9678;91692;40853;209;40644;0;8001;3402;938;1290;19938;1508;366;325;194;376;503;66;92;267;60;111;6;16;8;2708;18;13;297;141
9679;127059;60414;250;60164;0;13624;7500;1659;1464;25210;2028;536;591;219;831;1020;88;124;296;66;119;21;20;18;4124;23;12;291;280
9761;188472;68429;267;68162;0;14001;10932;1870;3395;23674;1172;269;762;177;1306;1401;108;94;515;68;260;53;27;10;7078;32;63;353;542
9762;31430;11037;40;10997;0;1935;1435;375;414;4382;446;35;116;36;139;208;16;25;172;11;64;4;0;3;1076;4;0;63;38
9763;48210;17296;65;17231;0;3323;2266;639;601;6022;1215;138;175;56;205;318;31;37;84;27;69;7;4;2;1865;3;11;62;71
9764;29910;11160;54;11106;0;2127;1133;404;340;4067;407;43;105;31;96;739;47;28;67;25;47;2;4;5;1231;1;3;114;40
9771;98943;40818;130;40688;0;6502;4026;1020;716;18703;1585;396;441;152;363;1385;61;68;646;68;165;10;5;0;4032;16;9;162;157
9772;185425;74330;313;74017;0;11817;7765;1882;1746;33249;4065;413;747;219;661;1589;97;147;835;103;241;16;22;14;7764;26;16;304;279
9773;72224;26453;103;26350;0;3751;2082;697;481;12758;1923;766;301;90;189;334;39;69;352;39;71;10;8;6;2060;12;6;233;73
9774;89371;31431;117;31314;0;4581;2561;760;685;14918;1762;241;370;143;259;570;45;115;376;70;113;10;7;6;3264;8;6;325;119
9775;122776;45719;190;45529;0;9322;4628;1493;1397;18288;1524;137;457;178;523;1026;105;145;349;58;244;19;10;13;4909;22;12;463;207
9776;59362;23694;101;23593;0;3814;3184;832;670;9623;1640;59;255;74;218;973;40;73;140;78;103;6;4;6;1616;8;5;88;84
9777;103730;42411;173;42238;0;6022;4821;1096;726;18902;2751;148;379;152;340;1303;46;68;1297;84;333;11;4;8;3412;9;6;173;147
9778;106402;41387;210;41177;0;5139;3624;1079;835;18769;3185;166;401;124;302;2017;98;110;462;167;253;11;21;14;3961;18;11;306;104
9779;99971;40570;159;40411;0;6596;3391;887;894;20635;1657;167;359;171;269;982;47;103;482;68;109;18;14;8;3146;13;11;256;128
9780;117420;49173;186;48987;0;6552;5560;1388;923;20415;6689;270;440;140;359;971;65;99;433;87;239;7;13;5;4031;10;6;163;122
10041;251551;121445;2797;118648;36080;40328;9426;3329;9802;0;1005;221;2125;1407;2320;277;52;281;31;128;167;151;28;27;8342;69;103;1981;968
10042;81279;49068;1708;47360;19507;15082;2198;979;2588;0;371;66;776;557;804;73;41;120;28;66;302;27;20;11;2888;23;11;590;232
10043;109755;56433;1826;54607;17740;20853;2489;957;3838;0;285;83;1028;851;980;75;41;177;34;53;73;42;18;14;3944;23;14;674;321
10044;158330;85962;3022;82940;30144;28746;4516;1752;5129;0;752;162;1385;1047;1265;121;44;250;32;107;168;32;24;20;5532;26;36;1184;466
10045;117837;67638;2306;65332;22037;22317;4186;1560;3979;0;532;129;1142;1669;1039;134;79;200;42;69;144;30;15;19;4799;23;27;767;394
10046;74441;48723;2036;46687;19674;15683;1947;704;2294;0;305;85;793;680;652;72;31;116;33;47;92;16;11;12;2743;18;6;398;275
11;2519758;1177832;18166;1159666;232274;278694;220998;31953;188344;0;3454;2863;18601;6107;37442;3674;872;3883;468;550;1095;3009;692;745;91759;646;1169;11842;18532
12051;60560;22078;649;21429;5978;6368;1223;303;3908;0;126;48;341;325;373;45;16;74;11;22;28;69;10;6;1671;8;24;288;164
12052;82908;33305;732;32573;7751;8295;1964;690;6993;0;219;91;462;508;554;72;34;138;16;23;58;108;11;23;3175;14;55;760;559
12053;47810;19836;451;19385;4154;4288;1229;296;5103;0;99;55;248;329;323;34;16;87;10;12;14;66;10;11;2482;7;23;316;173
12054;128782;63897;961;62936;10390;17115;8435;1625;14472;0;255;135;978;863;1694;210;63;202;19;35;59;232;44;39;4544;38;77;504;908
12060;148233;66884;1571;65313;14546;15976;4172;1242;16107;0;830;270;1205;1152;1044;138;56;346;43;30;78;256;59;44;5429;34;74;1752;430
12061;134573;68953;2069;66884;16749;17766;3693;1503;12660;0;719;394;1176;1449;1187;124;64;288;36;52;88;255;36;36;6041;40;73;2009;446
12062;91556;46495;1957;44538;14802;10282;1366;971;7616;0;618;278;869;1288;658;59;86;221;17;54;81;95;36;34;3226;25;71;1523;262
12063;127809;58800;1333;57467;14679;16082;4235;1432;9253;0;357;204;1005;1038;1070;97;72;211;30;35;65;76;29;35;5424;40;57;1589;352
12064;158572;72311;2075;70236;15774;17936;3627;1318;16793;0;553;324;1346;1607;1171;165;41;371;48;49;81;264;49;54;6227;40;74;1855;469
12065;169019;79699;1768;77931;19622;22374;5061;1716;13123;0;607;269;1488;1392;1415;157;91;313;32;59;99;135;48;41;7233;58;62;2020;516
12066;98281;45553;1546;44007;12553;11100;1479;783;8435;0;521;252;726;1076;601;61;39;233;32;50;70;58;33;37;3622;28;57;1858;303
12067;150759;74071;2114;71957;16732;18550;3419;1435;15095;0;598;447;1495;1753;1197;111;54;421;49;51;82;182;46;43;7100;49;128;2458;462
12068;84740;35720;1036;34684;9402;10160;1864;618;6527;0;314;120;587;797;467;73;61;145;18;24;55;62;22;24;2323;25;44;757;195
12069;168741;89615;2518;87097;22748;25390;7428;2406;13680;0;581;284;1425;1652;1480;173;72;353;62;50;107;186;63;39;6826;53;81;1402;556
12070;67372;28594;754;27840;8147;8878;914;557;5058;0;203;124;406;510;337;41;42;101;19;25;34;40;9;17;1675;17;26;552;108
12071;102604;50375;1832;48543;13492;12242;1940;1032;8707;0;360;292;875;1204;612;92;46;275;35;38;123;98;22;35;4634;29;57;1954;349
12072;133945;59484;1679;57805;13873;16524;3275;1223;11110;0;616;351;1142;1271;1011;112;58;268;37;57;86;143;39;35;4921;24;50;1195;384
12073;103892;45439;1518;43921;12076;12156;1733;901;9087;0;336;187;633;1159;564;68;25;212;18;36;68;110;68;27;2818;24;54;1283;278
13003;169595;69529;1319;68210;16144;15527;6836;1278;16524;0;440;105;788;941;1357;144;65;334;28;59;140;198;30;51;5278;39;119;1023;762
13004;77683;35046;675;34371;9294;9159;2483;715;7372;0;247;75;320;335;472;73;35;141;17;29;63;95;38;21;2476;9;50;645;207
13071;223761;102925;3819;99106;35961;19824;3856;1682;21242;0;681;393;1120;1635;1103;164;148;598;60;146;307;223;104;84;6087;40;198;2885;565
13072;177347;85498;2734;82764;30457;17722;3707;1552;15148;0;959;225;921;1440;820;120;116;407;55;110;364;215;60;67;5551;63;90;2180;415
13073;190192;85889;3254;82635;35062;12984;3479;1516;14836;0;516;332;994;1285;972;116;110;472;73;113;202;194;57;87;6643;49;118;1968;457
13074;129198;62945;2228;60717;18907;16398;3184;1235;10808;0;444;181;743;1053;715;104;83;301;28;47;139;163;32;53;4147;35;81;1491;345
13075;199588;96207;3710;92497;33979;15222;4153;1693;17179;0;562;376;1270;1659;1301;187;132;553;76;164;289;211;89;90;7254;77;119;5135;727
13076;177406;91000;3347;87653;30464;22276;3082;1793;16089;0;580;248;947;1521;822;140;139;488;58;102;248;177;46;62;5112;50;103;2704;402
14511;200626;89204;1580;87624;23924;17560;5743;2342;19668;0;604;433;1262;965;1657;185;328;409;56;129;296;161;60;46;8508;137;127;2122;902
14521;299341;154945;5962;148983;58167;19304;4263;3893;25555;0;3129;770;2177;2234;1470;237;1301;696;102;541;643;168;81;64;16912;75;137;6356;708
14522;266103;137384;4679;132705;52810;18764;4663;3684;22961;0;2415;681;2003;2171;1605;229;414;719;95;211;307;195;61;48;12489;58;133;5161;828
14523;200127;96630;3140;93490;33208;16586;3233;2466;16866;0;1345;451;1377;1303;913;180;793;442;91;236;334;125;40;41;9510;38;101;3287;524
14524;279269;129666;4069;125597;45415;19674;4706;3328;23946;0;2972;529;1890;1595;1283;230;894;596;98;278;448;170;78;31;12066;64;151;4499;656
14612;431526;232079;3648;228431;65737;36051;28086;6012;43898;0;2344;455;2926;1946;6155;778;457;821;107;169;409;347;255;83;21693;104;253;5220;4125
14625;260686;136092;4573;131519;51059;17038;4232;3619;22757;0;2917;580;1862;2538;1730;194;433;835;94;176;305;177;82;55;14230;69;134;5524;879
14626;221577;110824;4163;106661;40623;13042;3895;2269;18050;0;2313;539;1791;2404;1361;203;418;723;114;202;263;136;116;67;12584;80;129;4588;751
14627;205737;104260;3174;101086;37589;13283;4951;2993;16684;0;1860;396;1462;1632;1472;176;209;515;74;89;197;125;133;37;12292;111;125;4033;648
14628;206844;111731;3468;108263;42094;12298;4468;2791;16786;0;2645;449;1626;1649;1241;189;182;572;84;107;221;126;106;47;13574;54;107;6168;679
14713;434618;185252;3382;181870;43045;38255;22531;3965;38330;0;1037;351;2720;1673;4431;546;307;774;81;114;235;341;156;114;15277;70;268;3882;3367
14729;218976;105298;3096;102202;39230;17573;3949;2441;17911;0;1501;380;1581;1657;1202;142;143;508;59;116;159;143;59;46;9171;43;103;3504;581
14730;167553;75879;2553;73326;26998;12960;2536;1786;13441;0;1520;385;996;1212;785;102;69;387;33;57;96;88;34;43;5957;31;87;3307;416
15001;71682;33690;859;32831;9438;7650;1880;1035;6954;0;287;143;549;557;359;37;19;185;29;78;72;40;19;16;2689;25;47;563;160
15002;190680;77432;1376;76056;17871;15798;8539;2337;18363;0;607;148;1198;909;1433;232;82;368;30;129;163;169;55;33;5379;42;159;870;1142
15003;193706;74684;1533;73151;18313;18578;6226;1500;16765;0;481;133;1217;886;1297;187;57;281;38;106;106;136;37;39;5063;35;141;822;707
15081;73088;33174;1062;32112;10735;7111;1422;614;7042;0;280;117;474;775;376;70;53;200;37;143;90;71;24;35;1622;29;62;565;165
15082;143863;61292;2275;59017;18908;11451;1888;1583;13136;0;999;303;1142;1371;575;88;60;325;75;225;165;105;58;48;4761;57;120;1267;307
15083;147327;63238;2382;60856;20303;14529;2216;1644;11356;0;1016;281;1070;1503;716;105;58;407;74;222;168;129;49;45;3274;40;105;1186;360
15084;158118;72570;2462;70108;23288;13536;2440;1730;13923;0;1304;346;1321;1754;780;144;105;469;92;352;193;226;75;69;4813;50;115;2597;386
15085;191721;78141;2534;75607;25794;16852;3168;1687;15235;0;660;280;1546;1602;895;325;119;457;82;262;187;155;72;62;4123;48;112;1494;390
15086;79325;38036;1405;36631;11828;8740;1368;934;7340;0;699;171;658;881;467;89;46;244;49;126;114;79;43;31;1850;15;69;591;199
15087;124226;56178;2231;53947;15139;11422;1510;1762;13396;0;964;359;1157;1301;591;87;80;359;84;228;159;116;59;60;3284;71;99;1346;314
15088;161167;72070;2581;69489;22721;13678;2402;2227;15183;0;1010;352;1201;1652;770;116;67;477;97;212;167;181;54;56;4687;50;125;1576;428
15089;171435;69598;2607;66991;21427;14474;2120;1808;15733;0;728;279;1325;1314;673;123;99;385;64;287;174;140;55;68;3559;50;116;1632;358
15090;97915;41907;1403;40504;13134;9183;1610;922;8890;0;380;196;666;897;528;77;67;234;51;146;115;80;37;36;2132;27;44;833;219
15091;112612;52604;1899;50705;16111;10080;1696;1224;10787;0;1857;303;844;987;618;104;64;242;58;204;121;95;80;48;3369;40;76;1416;281
16051;167978;80621;1513;79108;19500;17183;7121;1627;18993;0;982;280;1116;867;1482;327;54;335;34;44;219;121;24;25;5731;33;117;1867;1026
16052;81727;35553;837;34716;9111;5638;1490;617;10258;0;299;116;481;535;514;69;22;210;19;13;75;67;26;12;3875;15;39;991;224
16053;84679;44245;583;43662;9078;9276;5581;1288;10652;0;319;189;469;377;1467;371;45;158;18;31;69;116;22;15;2968;14;34;434;671
16054;31382;14169;324;13845;3284;2481;577;250;4692;0;317;64;209;193;100;35;12;83;11;15;22;31;3;7;1087;9;23;265;75
16055;50930;25440;457;24983;6538;4896;3408;593;5358;0;183;69;320;285;618;123;22;125;11;13;60;33;11;11;1414;6;35;487;364
16056;34353;17736;319;17417;5046;3389;1053;255;4337;0;119;71;250;238;310;79;19;133;10;13;21;27;10;5;879;5;63;958;127
16061;83965;48132;1208;46924;23869;6300;1653;842;5434;0;1425;155;428;764;333;739;41;197;29;52;115;23;11;16;2775;18;32;1535;138
16062;72675;35305;962;34343;10317;7403;1435;828;8526;0;462;196;476;542;354;111;43;192;13;27;61;45;4;16;1901;16;38;1151;186
16063;107110;58566;1724;56842;19984;11066;1977;910;11328;0;1552;398;682;979;605;122;43;286;27;48;135;52;23;35;3549;18;108;2657;258
16064;88204;43760;1302;42458;14641;8400;1595;964;8943;0;918;302;560;741;453;162;19;241;12;21;97;44;17;28;2607;25;45;1414;209
16065;66767;34500;1164;33336;10381;6789;916;638;8605;0;357;200;484;601;380;40;25;188;18;23;57;40;14;13;1636;16;68;1686;161
16066;107742;55815;1713;54102;18115;10581;2146;1077;11650;0;1287;364;745;1196;596;126;76;261;40;42;110;68;13;12;3639;42;50;1638;228
16067;112936;58637;1705;56932;18236;11737;2327;1047;11325;0;1180;331;824;948;1025;120;58;329;24;44;126;47;20;29;4272;33;83;2348;419
16068;59940;32190;1121;31069;11073;4623;1031;743;6981;0;788;221;480;583;400;49;16;178;20;20;46;33;14;16;2106;9;35;1426;178
16069;55364;29043;849;28194;9292;4941;888;449;6789;0;928;278;446;658;329;59;16;146;25;28;46;34;14;12;1851;7;32;800;126
16070;91602;48216;1573;46643;13631;8263;2175;847;11176;0;1154;265;722;740;684;83;71;251;34;33;75;59;22;15;4585;28;64;1313;353
16071;68439;38718;1143;37575;13206;5962;1760;823;7602;0;1041;258;621;677;565;81;23;210;23;17;92;58;6;46;2797;34;49;1416;208
16072;49647;23448;797;22651;7307;3830;732;486;5869;0;315;178;341;407;259;76;36;130;29;19;24;41;7;12;1528;9;83;810;123
16073;95607;48596;1463;47133;14045;7945;1886;1156;10795;0;907;355;786;947;661;119;38;365;32;38;94;85;19;29;4195;69;56;2204;307
16074;70654;41321;1171;40150;13017;6069;1701;972;9245;0;635;302;572;799;508;111;44;241;33;29;72;48;12;66;3920;14;50;1491;199
16075;71195;38529;1181;37348;12074;6263;1313;849;8772;0;649;287;604;742;446;105;80;259;23;49;125;75;30;17;3114;36;54;1211;171
16076;88102;48740;1551;47189;16510;7660;1604;1050;9941;0;684;264;745;895;486;112;86;254;42;72;120;53;22;27;4559;30;46;1686;241
16077;80935;39093;1436;37657;12448;7121;1063;845;8492;0;347;328;656;778;404;56;56;246;13;45;114;48;23;34;3023;36;52;1237;192
3159;257883;129655;1196;128459;42274;45744;16859;3078;6612;0;796;140;1324;536;1800;277;174;237;59;42;111;119;18;20;6451;43;69;714;962
